Survey ID,Store Number,Store Location,Store Setting,Age,Exchange,Survey Date ,VideoGames,Academic Books,Toys,OutDoor SportKits,InDoor SportKits,Gadgets,NonAcademic Books,Number of Items Purchased,Total Amount of Purchases
9005568,45,Los Angeles,Rural,11,Card,01-01-2008,534.87,27.68,203.01,5.18,111.11,233.08,63.01,12,1177.94
9961742,77,Seattle,Rural,10,Card,04-02-2008,134.42,106.45,358.77,19.32,17.68,187.25,11.49,26,835.38
9608618,12,Boston,Urban,21,Cash,04-03-2008,121.6,77.12,10.91,9.85,26.94,76.52,86.74,17,409.68
9373856,2,Boston,Suburb,15,Card,24-03-2008,277.2,35.94,15.69,5.56,13.47,226.52,19.32,13,593.7
9177391,23,New York,Rural,12,Cash,01-04-2008,908.12,291.47,17.77,34.85,148.15,145.33,58.96,42,1604.65
9876323,27,New York,Urban,8,Card,06-05-2008,210.66,96.93,14.25,149.75,44.82,230.3,129.55,157,876.26
9601684,43,Los Angeles,Suburb,16,Card,23-05-2008,472.03,569.64,204.09,681.06,79.65,313.51,2388.64,688,4708.62
9146935,36,New York,Suburb,12,Card,04-06-2008,81.59,254.95,10.82,590.28,212.23,258.33,6.69,597,1414.89
9960303,54,Los Angeles,Urban,22,Card,15-06-2008,47.79,80.81,17.59,180.68,150.67,192.8,10.73,188,681.07
9689994,13,Boston,Rural,17,Card,25-06-2008,142.09,99.36,12.09,202.15,25.15,225.76,22.98,209,729.58
9463119,7,Boston,Rural,16,Cash,07-07-2008,185.02,103.92,10.28,335.35,31.99,103.03,21.34,342,790.93
9473513,39,New York,Rural,21,Cash,08-07-2008,60.61,136.75,17.32,5.93,134.68,109.97,26.52,13,491.78
9039008,23,New York,Rural,22,Cash,18-07-2008,10.98,209.01,8.39,11.99,105.22,63.01,72.47,19,481.07
9022958,34,New York,Urban,11,Card,21-07-2008,10.59,163.95,48.97,163.26,24.83,224.12,10.1,170,645.82
9212050,67,Seattle,Suburb,13,Card,27-07-2008,161.91,123.45,12.63,38.38,106.06,229.92,23.36,45,695.71
9086473,67,Seattle,Suburb,8,Card,02-08-2008,12.43,318.38,16.14,46.34,69.87,238.26,271.46,53,972.88
9857019,82,Seattle,Rural,11,Card,11-08-2008,51.18,190.37,12.45,19.82,101.85,160.61,27.27,27,563.55
9976702,48,Los Angeles,Suburb,13,Cash,16-08-2008,34.19,49.92,14.16,92.68,31.14,65.4,14.27,100,301.76
9321836,79,Seattle,Suburb,13,Cash,01-09-2008,73.43,769.13,7.12,496.72,187.61,147.85,41.54,504,1723.4
9845610,79,Seattle,Suburb,9,Card,11-09-2008,70.71,28.36,67.37,91.92,64.81,182.32,18.81,99,524.3
9601206,44,Los Angeles,Urban,13,Cash,25-09-2008,78.48,212.51,16.77,623.99,190.97,125.25,20.71,631,1268.68
9599256,11,Boston,Suburb,20,Card,09-10-2008,19.13,40.5,12.27,639.02,244.21,243.56,1.89,646,1200.58
9397180,51,Los Angeles,Suburb,8,Card,15-10-2008,102.08,160.06,8.12,18.56,98.48,186.87,7.45,26,581.62
9893623,30,New York,Rural,13,Card,19-10-2008,116.45,302.84,8.12,115.28,112.79,268.69,495.96,122,1420.13
9168334,27,New York,Urban,11,Cash,29-10-2008,295.75,153.07,4.51,912.63,44.61,130.43,7.7,917,1548.7
9044218,71,Seattle,Urban,8,Card,30-10-2008,673,338.77,95.42,652.15,67.02,308.84,1122,659,3257.2
9601651,38,New York,Suburb,7,Card,30-10-2008,147.24,298.17,5.95,623.23,237.27,264.39,19.7,630,1595.95
9057038,74,Seattle,Urban,22,Card,31-10-2008,69.15,719.7,23.81,234.22,125.42,259.09,12.63,241,1444.02
9925899,26,New York,Suburb,11,Card,14-11-2008,10.78,31.37,9.47,24.37,138.05,150.63,16.67,31,381.34
9509360,62,Los Angeles,Urban,20,Card,15-11-2008,247.28,419.58,39.05,811.49,232.22,287.5,78.41,818,2115.53
9581172,64,Seattle,Suburb,7,Card,20-11-2008,113.73,253.11,11.36,326.64,82.91,266.29,151.77,334,1205.81
9085805,47,Los Angeles,Urban,7,Card,27-11-2008,33.51,51.48,50.51,129.17,50.93,190.78,22.35,136,528.73
9347872,80,Seattle,Suburb,10,Cash,08-12-2008,64.59,99.94,13.71,62.63,102.69,128.79,110.1,70,582.45
9603927,34,New York,Urban,9,Card,11-12-2008,168.9,222.9,5.68,420.96,44.93,246.34,66.54,428,1176.25
9994164,14,Boston,Suburb,20,Card,12-12-2008,209.21,52.45,248.29,19.32,49.66,207.7,2.53,26,789.16
9753080,61,Los Angeles,Rural,8,Card,21-12-2008,18.55,163.07,76.12,43.94,13.36,233.59,507.83,51,1056.46
9922616,51,Los Angeles,Suburb,13,Card,23-12-2008,19.04,408.61,6.85,236.62,48.19,242.93,10.23,244,972.47
9734473,14,Boston,Suburb,8,Card,25-12-2008,1384.52,380.24,443.99,463.01,65.87,297.98,285.73,470,3321.34
9472050,71,Seattle,Urban,21,Card,28-12-2008,250,219.79,10.1,92.68,22.31,247.73,302.4,100,1145.01
9267215,47,Los Angeles,Urban,7,Card,29-12-2008,424.44,61.38,47.62,71.34,41.25,251.14,356.31,78,1253.48
9567745,21,Boston,Suburb,18,Card,30-12-2008,13.99,227.66,16.41,126.01,31.57,187.37,1.39,133,604.4
9889319,54,Los Angeles,Urban,17,Card,05-01-2009,16.22,494.27,18.76,144.19,44.93,244.82,97.85,151,1061.04
9884122,58,Los Angeles,Suburb,16,Cash,08-01-2009,19.04,79.25,7.03,289.02,54.4,95.33,9.47,296,553.54
9254620,73,Seattle,Suburb,10,Card,20-01-2009,8.16,114.9,23.81,121.59,16.1,209.6,198.99,129,693.15
9139213,15,Boston,Urban,10,Cash,20-01-2009,24.09,207.07,29.58,273.86,16.94,108.96,3.79,281,664.29
9056231,67,Seattle,Suburb,18,Cash,21-01-2009,35.74,314.98,22.37,870.96,244.53,132.7,1.14,878,1622.42
9029829,81,Seattle,Suburb,14,Card,23-01-2009,161.62,543.41,11,166.04,61.45,250.63,15.03,173,1209.18
9336366,74,Seattle,Urban,22,Card,04-02-2009,8.55,111.89,63.49,16.16,138.05,155.18,34.85,23,528.17
9580766,3,Boston,Urban,20,Cash,07-02-2009,45.36,35.74,16.05,30.81,124.58,114.39,20.58,38,387.51
9986403,67,Seattle,Suburb,15,Card,08-02-2009,84.69,155.79,7.49,7.07,119.53,200.88,8.21,14,583.66
9011280,35,New York,Rural,18,Card,11-02-2009,8.55,107.23,301.59,100.63,25.78,224.49,466.92,108,1235.19
9765084,59,Los Angeles,Urban,13,Cash,16-02-2009,329.06,791.96,9.56,108.96,17.68,155.93,292.55,116,1705.7
9802364,25,New York,Suburb,17,Card,18-02-2009,70.71,562.06,123.47,162.12,61.97,244.95,66.54,169,1291.82
9194859,55,Los Angeles,Suburb,18,Card,19-02-2009,60.31,75.85,36.53,19.82,54.71,179.17,2.78,27,429.17
9033871,6,Boston,Rural,19,Cash,25-02-2009,429.39,45.75,102.18,47.1,17.99,115.66,224.37,54,982.44
9042160,18,Boston,Suburb,19,Card,02-03-2009,542.54,132.96,10.82,172.85,23.57,252.53,44.7,180,1179.97
9725117,41,New York,Suburb,11,Card,16-03-2009,84.11,182.01,6.76,251.26,50.4,239.77,133.21,258,947.52
9771952,47,Los Angeles,Urban,10,Card,20-03-2009,63.42,32.25,8.39,21.34,141.41,204.17,211.99,28,682.97
9274682,40,New York,Urban,20,Cash,02-04-2009,31.08,188.13,8.21,19.44,20.52,50.76,3.41,26,321.55
9307804,54,Los Angeles,Urban,20,Cash,03-04-2009,38.85,187.26,27.42,249.37,76.28,66.67,14.52,256,660.37
9190705,60,Los Angeles,Suburb,9,Cash,05-04-2009,184.44,146.08,13.8,120.83,40.4,97.85,23.36,128,626.76
9117357,78,Seattle,Urban,17,Card,13-04-2009,28.75,253.69,50.51,18.56,145.62,222.22,131.57,26,850.92
9080329,14,Boston,Suburb,9,Card,14-04-2009,16.71,210.57,12.09,137.12,17.99,206.82,31.31,144,632.61
9801912,78,Seattle,Urban,7,Card,16-04-2009,51.48,51.77,13.35,66.16,15.36,187.12,37.25,73,422.49
9025701,58,Los Angeles,Suburb,14,Card,23-04-2009,167.06,316.24,28.14,196.59,68.6,239.65,12.37,204,1028.65
9469352,50,Los Angeles,Urban,10,Card,24-04-2009,75.56,167.06,13.8,430.93,72.07,221.59,6.06,438,987.07
9101973,66,Seattle,Suburb,8,Card,24-04-2009,232.61,415.89,3.79,37.25,159.09,249.62,105.81,44,1204.06
9199857,26,New York,Suburb,11,Card,29-04-2009,81.1,120.73,11.36,548.23,91.96,246.09,62.12,555,1161.59
9315639,80,Seattle,Suburb,17,Cash,30-04-2009,83.82,291.18,133.3,70.08,138.89,127.15,8.33,77,852.75
9663226,7,Boston,Rural,20,Card,10-05-2009,114.61,48.47,18.94,384.09,135.52,220.45,15.53,391,937.61
9430571,16,Boston,Urban,12,Cash,15-05-2009,76.24,28.65,7.12,19.82,145.62,92.05,371.84,27,741.34
9941937,4,Boston,Rural,9,Cash,21-05-2009,9.71,224.55,14.88,16.54,112.79,9.22,17.93,24,405.62
9283967,68,Seattle,Rural,11,Card,26-05-2009,41.08,258.55,13.44,22.47,63.13,209.72,15.4,29,623.79
9472587,16,Boston,Urban,13,Card,28-05-2009,167.74,221.06,70.17,5.81,128.79,227.9,66.54,13,888.01
9580150,46,Los Angeles,Suburb,8,Card,03-06-2009,17.09,76.53,10.01,27.27,107.74,185.1,102.65,34,526.39
9935622,46,Los Angeles,Suburb,21,Cash,03-06-2009,110.92,119.46,84.33,91.54,29.88,92.3,62.63,99,591.06
9441380,41,New York,Suburb,18,Card,07-06-2009,42.35,41.96,19.75,15.4,78.28,169.95,7.58,22,375.27
9814543,48,Los Angeles,Suburb,12,Cash,08-06-2009,116.74,118.1,8.39,1.77,61.45,33.71,2.78,9,342.94
9459417,55,Los Angeles,Suburb,14,Card,24-06-2009,63.03,92.46,63.49,25.76,95.96,211.87,309.6,33,862.17
9951145,74,Seattle,Urban,17,Cash,25-06-2009,131.7,51.77,5.32,278.66,18.83,110.48,95.45,286,692.21
9878304,58,Los Angeles,Suburb,19,Card,30-06-2009,496.79,137.53,36.17,60.23,21.68,240.91,54.67,67,1047.98
9024537,52,Los Angeles,Suburb,18,Cash,07-07-2009,169.19,32.54,25.97,245.33,31.99,129.92,141.04,252,775.98
9344056,70,Seattle,Suburb,7,Card,14-07-2009,38.07,88.38,78.37,4.8,14.1,181.44,17.17,12,422.33
9001266,37,New York,Rural,18,Card,14-07-2009,85.96,173.76,100.47,339.27,56.4,238.01,21.59,346,1015.46
9886864,3,Boston,Urban,18,Card,17-07-2009,45.36,122.57,56.28,136.36,45.24,204.29,24.12,143,634.22
9448092,34,New York,Urban,10,Card,21-07-2009,73.14,115,15.42,9.85,148.15,181.94,29.29,17,572.79
9210644,54,Los Angeles,Urban,10,Card,26-07-2009,146.66,60.61,7.31,14.65,129.63,196.09,67.3,22,622.25
9342465,19,Boston,Suburb,16,Cash,28-07-2009,35.35,83.14,336.67,118.94,30.62,104.92,17.68,126,727.32
9018676,70,Seattle,Suburb,8,Card,01-08-2009,107.61,234.46,11.72,76.52,23.15,248.74,76.52,84,778.72
9366059,32,New York,Urban,12,Card,02-08-2009,326.24,336.34,122.84,289.02,81.02,260.98,133.59,296,1550.03
9862839,14,Boston,Suburb,15,Card,05-08-2009,166.76,351.3,6.49,8.33,14.1,230.93,24.37,15,802.28
9897880,35,New York,Rural,8,Card,12-08-2009,187.84,75.27,25.16,67.68,142.26,208.96,14.65,75,721.82
9053531,53,Los Angeles,Rural,15,Card,18-08-2009,24.09,159.48,95.15,387.63,81.76,241.29,9.72,395,999.12
9158535,7,Boston,Rural,22,Card,30-08-2009,32.93,58.86,3.97,150.25,49.66,195.83,35.23,157,526.73
9654590,45,Los Angeles,Rural,7,Cash,10-09-2009,24.09,140.25,86.85,14.65,16.94,52.4,23.99,22,359.17
9545101,51,Los Angeles,Suburb,15,Cash,17-09-2009,31.08,106.06,61.69,412.25,34.93,110.73,101.77,419,858.51
9277855,12,Boston,Urban,14,Card,17-09-2009,42.35,38.07,9.11,145.83,54.61,191.16,17.68,153,498.81
9002188,17,Boston,Urban,18,Cash,20-09-2009,8.45,29.23,13.26,130.81,34.51,46.09,21.34,138,283.69
9906124,79,Seattle,Suburb,14,Cash,20-09-2009,80.03,78.67,6.76,29.29,34.51,97.35,241.79,36,568.4
9957121,83,Seattle,Rural,7,Card,23-09-2009,8.06,123.54,271.55,27.65,92.59,225.25,14.9,35,763.54
9545025,24,New York,Rural,21,Card,28-09-2009,13.89,162.78,7.94,21.34,77.44,182.58,0.88,28,466.85
9161593,30,New York,Rural,16,Card,28-09-2009,187.84,139.28,8.21,177.15,92.59,223.23,24.75,184,853.05
9867478,17,Boston,Urban,10,Cash,01-10-2009,126.17,78.67,4.33,66.16,24.73,87.12,4.29,73,391.47
9688406,28,New York,Rural,8,Cash,01-10-2009,151.81,35.94,48.07,9.47,30.3,53.54,16.79,16,345.92
9894943,81,Seattle,Suburb,9,Card,03-10-2009,31.86,425.7,6.49,108.21,34.09,237.75,98.23,115,942.33
9962312,70,Seattle,Suburb,7,Card,06-10-2009,30.11,99.94,4.78,37.25,116.16,208.33,154.55,44,651.12
9756122,6,Boston,Rural,20,Cash,10-10-2009,60.31,247.86,198.77,129.55,20.73,55.3,17.17,137,729.69
9607343,55,Los Angeles,Suburb,20,Cash,10-10-2009,324.11,150.74,15.96,450.38,63.97,114.02,5.93,457,1125.11
9176556,10,Boston,Urban,20,Card,19-10-2009,17.68,223,25.7,22.22,16.2,142.55,23.11,29,470.46
9831862,56,Los Angeles,Suburb,10,Cash,21-10-2009,213.48,128.69,9.02,160.1,47.45,123.61,54.67,167,737.02
9461700,10,Boston,Urban,22,Cash,22-10-2009,521.46,235.43,133.93,97.1,35.35,126.89,177.15,104,1327.31
9150397,16,Boston,Urban,18,Card,23-10-2009,18.26,30.11,61.42,14.27,16.41,161.99,10.35,21,312.81
9279117,63,Los Angeles,Suburb,19,Card,31-10-2009,127.14,266.8,197.87,35.61,77.44,217.42,23.61,43,945.89
9137465,82,Seattle,Rural,13,Cash,03-11-2009,562.65,133.26,76.66,50.63,76.6,120.58,11.36,58,1031.74
9271119,27,New York,Urban,8,Card,05-11-2009,80.81,73.82,8.03,127.15,42.82,203.28,129.55,134,665.46
9583140,49,Los Angeles,Rural,22,Card,08-11-2009,59.73,75.27,86.85,24.49,54.71,190.53,67.3,31,558.88
9033186,22,New York,Rural,7,Card,08-11-2009,15.05,129.86,362.73,22.35,14.41,174.37,23.48,29,742.25
9750441,46,Los Angeles,Suburb,8,Card,12-11-2009,347.03,73.04,122.56,186.62,38.72,225.51,17.42,194,1010.9
9223911,56,Los Angeles,Suburb,19,Card,12-11-2009,42.35,318.38,70.71,556.94,41.88,265.03,23.86,564,1319.15
9098653,35,New York,Rural,20,Card,15-11-2009,9.13,237.76,68.18,1.77,23.57,152.27,51.14,9,543.82
9321361,5,Boston,Urban,18,Cash,17-11-2009,29.82,110.33,40.13,53.41,16.94,55.68,21.97,60,328.28
9401101,18,Boston,Suburb,8,Cash,17-11-2009,191.14,193.47,317.37,113.76,24.41,82.32,63.01,121,985.48
9870103,16,Boston,Urban,8,Cash,23-11-2009,317.7,79.55,56.28,94.7,35.25,133.33,531.94,102,1248.75
9465561,73,Seattle,Suburb,18,Cash,27-11-2009,668.41,737.67,39.68,95.45,33.14,156.82,1122.73,102,2853.9
9986634,34,New York,Urban,17,Card,02-12-2009,19.23,81.39,73.86,206.44,47.98,232.7,74.49,213,736.09
9663150,71,Seattle,Urban,15,Card,08-12-2009,17.97,92.66,92.53,72.47,36.2,215.66,146.21,79,673.7
9789417,36,New York,Suburb,9,Card,16-12-2009,192.4,272.63,6.67,507.45,151.3,281.06,25,514,1436.51
9970082,23,New York,Rural,13,Cash,20-12-2009,39.63,27.39,5.23,286.99,32.72,98.36,214.77,294,705.09
9986955,19,Boston,Suburb,11,Cash,23-12-2009,84.69,193.47,15.24,33.21,138.05,18.31,14.02,40,496.99
9224605,75,Seattle,Rural,13,Card,25-12-2009,88.97,240.87,16.68,223.11,18.1,227.27,23.11,230,838.11
9833919,13,Boston,Rural,9,Cash,28-12-2009,35.64,203.38,10.91,197.35,65.13,110.35,254.92,204,877.68
9485747,44,Los Angeles,Urban,9,Card,01-01-2010,180.85,160.84,7.22,317.17,130.68,236.36,35.23,324,1068.35
9657155,38,New York,Suburb,10,Card,05-01-2010,522.34,232,184.88,430,335.65,306.44,289.39,1037,2300.7
9142860,82,Seattle,Rural,18,Card,08-01-2010,704.74,260.39,71.61,138.76,54.29,288.51,471.34,146,1989.64
9735817,70,Seattle,Suburb,22,Card,12-01-2010,318.08,79.84,10.46,5.43,97.64,250.13,503.41,12,1264.99
9744021,15,Boston,Urban,12,Card,13-01-2010,23.41,75.56,47.26,417.05,49.77,229.67,23.61,424,866.33
9693347,17,Boston,Urban,18,Card,13-01-2010,26.52,280.79,408.01,229.55,93.43,234.85,19.32,237,1292.47
9433152,37,New York,Rural,18,Card,20-01-2010,100.33,56.72,33.91,81.94,18.41,211.87,23.36,89,526.54
9504363,35,New York,Rural,10,Cash,24-01-2010,13.4,206.1,50.51,50.63,16.41,104.17,346.46,58,787.68
9707902,44,Los Angeles,Urban,16,Card,24-01-2010,31.86,93.53,12.99,137.88,28.41,226.64,406.31,145,937.62
9979335,34,New York,Urban,22,Card,25-01-2010,121.6,679.78,12.18,490.4,82.81,283.59,187.5,497,1857.86
9368647,73,Seattle,Suburb,17,Card,25-01-2010,249.13,298.17,15.6,227.15,77.76,261.87,137.5,234,1267.18
9894895,48,Los Angeles,Suburb,14,Card,30-01-2010,431.14,168.03,8.21,133.21,45.14,257.07,143.81,140,1186.61
9081567,37,New York,Rural,20,Card,01-02-2010,18.26,175.6,14.97,93.06,134.68,161.36,0.76,100,598.69
9230979,50,Los Angeles,Urban,13,Card,05-02-2010,277.2,58.18,12.36,591.04,87.12,249.87,13.76,598,1289.53
9179584,13,Boston,Rural,14,Card,07-02-2010,35.64,202.8,16.68,12.12,67.34,159.34,26.89,19,520.81
9720178,76,Seattle,Rural,15,Cash,13-02-2010,10.3,105.19,54.11,100.63,35.98,63.26,2.27,108,371.74
9006207,38,New York,Suburb,13,Cash,14-02-2010,455.32,432.4,14.34,509.34,132.37,139.65,137.88,516,1821.3
9802879,80,Seattle,Suburb,11,Card,18-02-2010,8.55,95.67,13.35,219.95,75.76,221.72,7.83,227,642.83
9096481,8,Boston,Suburb,10,Card,22-02-2010,77.99,394.91,21.65,197.35,34.3,246.72,35.98,204,1008.9
9461704,26,New York,Suburb,18,Cash,24-02-2010,469.31,457.46,63.49,210.1,79.97,135.1,66.16,217,1481.59
9924612,24,New York,Rural,20,Card,03-03-2010,166.76,85.96,5.32,28.03,83.33,266.79,928.91,35,1565.1
9668690,36,New York,Suburb,20,Cash,09-03-2010,7.77,193.96,4.96,3.28,152.36,53.03,7.32,10,422.68
9799377,71,Seattle,Urban,8,Cash,12-03-2010,88.97,27.68,30.57,628.79,238.53,115.28,15.28,636,1145.1
9772272,61,Los Angeles,Rural,14,Cash,13-03-2010,14.86,148.41,6.22,4.04,130.47,12.37,5.3,11,321.67
9629609,81,Seattle,Suburb,22,Card,14-03-2010,28.94,125.58,16.96,163.64,58.92,251.52,239.77,171,885.33
9739804,14,Boston,Suburb,15,Card,15-03-2010,17.77,131.31,31.11,26.89,155.72,146.46,21.21,34,530.47
9458164,83,Seattle,Rural,11,Card,16-03-2010,17,56.72,14.97,23.74,76.6,198.74,157.7,31,545.47
9354039,38,New York,Suburb,15,Cash,22-03-2010,91.49,50.6,10.91,18.56,78.28,68.06,141.41,26,459.31
9892526,39,New York,Rural,10,Cash,25-03-2010,14.86,188.03,3.88,16.92,66.5,40.91,110.61,24,441.71
9293385,50,Los Angeles,Urban,18,Card,28-03-2010,8.16,89.36,11.9,22.1,46.3,149.12,8.08,29,335.02
9060303,26,New York,Suburb,12,Card,30-03-2010,34.09,111.89,11.45,15.4,52.19,185.48,148.99,22,559.49
9820364,32,New York,Urban,19,Card,30-03-2010,188.71,249.13,379.96,63.38,124.58,229.67,10.73,70,1246.16
9622031,27,New York,Urban,21,Cash,02-04-2010,308.86,350.33,117.15,87.5,63.97,118.81,22.1,95,1068.72
9505566,42,New York,Urban,18,Cash,04-04-2010,14.08,90.13,505.41,17.68,25.25,34.6,24.24,25,711.39
9705413,55,Los Angeles,Suburb,9,Cash,05-04-2010,69.15,109.56,16.23,2.65,13.99,33.96,17.55,10,263.09
9619357,4,Boston,Rural,19,Card,11-04-2010,209.5,193.47,13.53,20.58,125.42,192.55,9.97,28,765.02
9878526,15,Boston,Urban,17,Cash,14-04-2010,18.07,169.39,14.7,344.07,128.79,98.23,23.36,351,796.61
9108002,8,Boston,Suburb,12,Card,15-04-2010,229.02,169.48,801.95,101.77,37.46,244.07,12.37,109,1596.12
9734369,16,Boston,Urban,10,Cash,18-04-2010,710.28,161.91,98.21,19.32,72.39,118.43,9.47,26,1190.01
9151808,57,Los Angeles,Urban,7,Card,23-04-2010,54.2,92.46,16.14,84.72,15.99,199.49,14.9,92,477.9
9692975,11,Boston,Suburb,12,Card,24-04-2010,73.04,33.51,109.58,160.48,55.66,219.57,15.4,167,667.24
9898054,71,Seattle,Urban,17,Card,25-04-2010,28.75,476.3,6.13,269.57,32.51,259.22,8.59,277,1081.07
9889324,3,Boston,Urban,12,Card,01-05-2010,15.35,121.6,3.97,13.89,16.73,173.61,9.97,21,355.12
9381228,34,New York,Urban,20,Cash,03-05-2010,248.15,196.68,4.24,76.89,25.57,107.83,5.93,84,665.29
9602317,20,Boston,Rural,9,Card,04-05-2010,206.39,99.36,4.69,39.14,36.2,240.15,437.25,46,1063.18
9092876,5,Boston,Urban,8,Card,08-05-2010,148.21,201.24,10.28,102.27,25.57,193.69,14.14,109,695.4
9112435,41,New York,Suburb,9,Card,09-05-2010,38.66,333.33,3.88,29.67,88.38,225.88,172.85,37,892.65
9471178,59,Los Angeles,Urban,9,Card,10-05-2010,187.55,57.5,27.96,189.9,30.72,218.69,0.38,197,712.7
9703056,29,New York,Suburb,7,Card,13-05-2010,14.57,131.12,25.16,36.36,35.35,188.13,20.08,43,450.77
9862866,36,New York,Suburb,17,Cash,16-05-2010,360.72,106.35,44.37,155.3,30.93,117.8,6.94,162,822.41
9513455,2,Boston,Suburb,8,Card,17-05-2010,60.61,234.75,15.87,100.63,21.15,223.74,86.36,108,743.11
9299146,50,Los Angeles,Urban,17,Cash,23-05-2010,17.97,227.18,42.12,78.79,27.25,94.07,86.36,86,573.74
9526135,54,Los Angeles,Urban,9,Card,26-05-2010,47.4,117.33,15.24,374.24,65.87,235.86,197.35,381,1053.29
9379377,44,Los Angeles,Urban,15,Cash,26-05-2010,10.68,68.57,73.05,104.17,23.57,85.98,19.19,111,385.21
9707456,69,Seattle,Suburb,21,Cash,30-05-2010,823.72,48.47,13.35,70.45,12.84,127.78,9.22,77,1105.83
9856848,32,New York,Urban,19,Card,01-06-2010,799.24,161.91,15.06,187.88,23.15,290.66,803.16,195,2281.06
9384661,19,Boston,Suburb,11,Card,02-06-2010,172.3,99.46,16.96,12.25,129.63,181.69,24.12,19,636.41
9716067,5,Boston,Urban,16,Cash,04-06-2010,274.77,462.61,7.58,719.07,172.24,150.38,284.22,696,2070.87
9868610,60,Los Angeles,Suburb,9,Cash,04-06-2010,42.35,91.69,31.93,1.89,19.68,33.46,3.79,9,224.79
9791144,44,Los Angeles,Urban,18,Cash,08-06-2010,10.59,141.41,12.81,20.33,18.31,6.44,5.68,27,215.57
9259938,65,Seattle,Urban,14,Card,09-06-2010,92.46,587.02,3.97,361.49,86.7,264.65,6.57,368,1402.86
9734539,66,Seattle,Suburb,8,Cash,11-06-2010,93.92,121.99,70.17,73.23,20.31,102.9,142.68,80,625.2
9838574,40,New York,Urban,16,Cash,15-06-2010,12.72,44.29,75.58,202.15,21.04,52.9,8.59,209,417.27
9944259,47,Los Angeles,Urban,16,Cash,16-06-2010,99.65,209.01,86.31,15.78,122.05,85.98,25,23,643.78
9130425,35,New York,Rural,7,Card,16-06-2010,197.55,462.02,10.55,124.87,20.62,251.52,19.32,132,1086.45
9699290,75,Seattle,Rural,15,Card,18-06-2010,9.13,122.77,39.05,64.14,133,173.61,35.61,71,577.31
9894047,22,New York,Rural,20,Cash,20-06-2010,108.49,108,128.79,206.06,58.19,106.31,22.1,213,737.94
9971825,69,Seattle,Suburb,18,Card,21-06-2010,14.08,130.54,41.85,60.23,63.13,164.02,21.72,67,495.57
9234221,14,Boston,Suburb,18,Card,28-06-2010,45.36,40.79,62.77,348.86,75.44,213.76,6.06,356,793.04
9848091,45,Los Angeles,Rural,22,Card,29-06-2010,27.1,72.26,4.69,70.96,42.93,207.2,207.7,78,632.84
9365511,66,Seattle,Suburb,16,Card,30-06-2010,30.11,34.38,58.89,11.24,13.99,193.18,18.56,18,360.35
9062713,29,New York,Suburb,9,Card,01-07-2010,211.93,50.89,193.9,180.3,149.83,211.49,10.98,187,1009.32
9696737,66,Seattle,Suburb,10,Card,02-07-2010,69.44,419.87,5.86,279.8,34.93,248.74,32.83,287,1091.47
9497808,23,New York,Rural,19,Card,04-07-2010,151.22,183.86,10.73,488.76,172.66,257.83,70.45,496,1335.51
9534153,69,Seattle,Suburb,12,Cash,09-07-2010,45.75,524.18,12.09,270.33,99.64,131.69,90.78,277,1174.46
9199161,37,New York,Rural,12,Card,12-07-2010,10.68,42.74,38.96,90.78,37.04,193.56,9.47,98,423.23
9866727,84,Seattle,Rural,11,Card,13-07-2010,235.72,112.18,14.7,206.44,82.18,237.25,113.76,213,1002.23
9039458,10,Boston,Urban,7,Card,16-07-2010,65.17,247.57,25.43,13.13,16.31,207.95,4.8,20,580.36
9968352,59,Los Angeles,Urban,15,Cash,18-07-2010,15.93,360.72,13.98,125.25,40.93,102.9,5.81,132,665.52
9378047,9,Boston,Suburb,17,Card,20-07-2010,240.58,442.79,56.91,249.75,57.87,272.35,380.18,257,1700.43
9393326,18,Boston,Suburb,10,Cash,22-07-2010,38.85,53.61,3.97,10.61,109.43,61.11,236.99,18,514.57
9362921,78,Seattle,Urban,16,Card,24-07-2010,92.46,188.71,45,46.72,98.48,202.78,58.96,54,733.11
9992089,6,Boston,Rural,10,Card,28-07-2010,12.04,219.79,16.5,93.56,53.87,220.2,4.92,101,620.88
9076846,59,Los Angeles,Urban,11,Cash,28-07-2010,27.1,167.35,45,22.47,12.94,56.19,15.4,29,346.45
9708518,20,Boston,Rural,7,Card,28-07-2010,13.5,179.49,270.65,214.77,154.04,251.77,576.77,222,1660.99
9218909,32,New York,Urban,10,Card,01-08-2010,57.6,160.84,54.65,442.42,149.83,226.26,22.73,449,1114.33
9369006,6,Boston,Rural,14,Card,10-08-2010,101.79,739.8,11.54,252.9,60.29,271.59,47.1,260,1485.01
9190413,30,New York,Rural,22,Card,11-08-2010,68.86,149.67,10.91,23.86,96.8,192.8,7.95,31,550.85
9282078,13,Boston,Rural,11,Card,15-08-2010,173.76,245.73,8.84,143.81,19.78,256.44,354.42,151,1202.78
9095518,10,Boston,Urban,10,Card,17-08-2010,55.94,97.22,5.5,1.39,15.99,167.17,14.14,8,357.35
9475080,77,Seattle,Rural,21,Card,20-08-2010,106.06,212.12,6.67,14.02,13.15,170.58,11.49,21,534.09
9324464,58,Los Angeles,Suburb,17,Cash,22-08-2010,13.79,132.28,13.8,16.16,19.57,37.25,5.3,23,238.15
9978871,52,Los Angeles,Suburb,9,Card,26-08-2010,10.59,77.99,13.53,72.47,102.69,178.54,0,79,455.81
9741086,32,New York,Urban,8,Cash,29-08-2010,347.61,760.3,438.04,547.1,85.02,149.12,50.63,554,2377.82
9735143,81,Seattle,Suburb,12,Card,03-09-2010,18.55,203.09,206.71,386.49,28.3,229.42,63.01,393,1135.57
9216575,10,Boston,Urban,7,Cash,03-09-2010,97.8,175.6,11,89.52,94.28,98.86,100.25,97,667.31
9949720,65,Seattle,Urban,14,Cash,06-09-2010,48.17,159.29,14.16,56.19,108.59,40.03,15.15,63,441.58
9549680,51,Los Angeles,Suburb,10,Card,08-09-2010,24.09,95.09,16.41,64.9,23.67,192.42,24.87,72,441.45
9333472,37,New York,Rural,11,Card,09-09-2010,17.68,184.15,7.22,131.19,109.43,172.35,10.61,138,632.63
9629250,9,Boston,Suburb,16,Cash,12-09-2010,60.99,375.39,126.53,421.34,19.04,129.67,82.45,428,1215.41
9529048,57,Los Angeles,Urban,18,Cash,16-09-2010,10.59,74.4,11.54,325,33.88,96.97,23.86,332,576.24
9017920,80,Seattle,Suburb,17,Cash,17-09-2010,8.84,91.69,11,59.85,22.2,47.1,11.49,67,252.17
9947970,7,Boston,Rural,19,Cash,18-09-2010,112.76,140.25,42.12,7.58,13.47,65.03,12.75,15,393.96
9609717,45,Los Angeles,Rural,22,Cash,19-09-2010,62.16,256.12,251.44,19.32,41.25,69.19,7.58,26,707.06
9824075,2,Boston,Suburb,19,Card,23-09-2010,45.36,304.58,68.45,78.79,27.15,216.54,1.01,86,741.88
9453905,33,New York,Rural,15,Card,27-09-2010,16.32,142.39,158.01,5.43,58.08,177.9,17.93,12,576.06
9629053,15,Boston,Urban,11,Card,28-09-2010,69.93,41.76,197.6,5.68,95.12,156.69,14.52,13,581.3
9877933,83,Seattle,Rural,12,Card,30-09-2010,1521.46,232.91,140.96,286.62,115.21,303.28,583.96,294,3184.4
9499331,60,Los Angeles,Suburb,21,Cash,04-10-2010,563.81,2157.93,81.26,1420.45,566.81,161.87,139.14,1027,5091.27
9745719,33,New York,Rural,15,Cash,08-10-2010,366.84,144.23,14.25,329.04,47.14,124.24,177.15,336,1202.89
9153088,37,New York,Rural,7,Card,08-10-2010,450.08,34.38,15.96,662.88,38.09,260.1,3.54,670,1465.03
9689181,61,Los Angeles,Rural,19,Card,11-10-2010,18.65,125.1,16.68,594.19,41.35,230.56,119.32,601,1145.85
9870816,35,New York,Rural,7,Cash,12-10-2010,66.43,64.49,13.26,11.24,19.99,25.25,2.02,18,202.68
9906126,23,New York,Rural,11,Card,15-10-2010,53.03,179.88,5.68,34.09,43.77,242.3,298.48,41,857.23
9663072,12,Boston,Urban,18,Card,17-10-2010,39.63,252.43,129.69,39.65,58.92,199.24,16.41,47,735.97
9613507,72,Seattle,Suburb,7,Cash,20-10-2010,183.28,357.42,21.65,168.81,17.47,124.62,171.97,176,1045.22
9449745,72,Seattle,Suburb,12,Card,23-10-2010,34.09,90.91,1016.05,40.78,132.15,183.21,6.69,48,1503.88
9884252,67,Seattle,Suburb,11,Cash,24-10-2010,8.94,93.92,92.53,16.41,15.89,50.38,18.69,23,296.76
9350843,42,New York,Urban,19,Card,25-10-2010,128.98,62.74,36.53,0.51,17.47,198.11,12.37,8,456.71
9104183,67,Seattle,Suburb,7,Card,26-10-2010,29.53,96.35,15.06,16.16,53.87,179.29,15.03,23,405.29
9721253,72,Seattle,Suburb,15,Card,26-10-2010,23.12,599.26,112.64,84.72,14.41,240.78,6.69,92,1081.62
9063244,7,Boston,Rural,14,Cash,30-10-2010,17.29,210.96,11,235.48,58.92,91.04,1.52,242,626.21
9602817,37,New York,Rural,11,Cash,02-11-2010,34.19,133.64,61.33,53.03,15.57,52.65,121.59,60,472
9814656,45,Los Angeles,Rural,12,Cash,02-11-2010,81.68,233.88,8.48,22.98,70.71,51.26,22.35,30,491.34
9049019,60,Los Angeles,Suburb,8,Card,03-11-2010,92.07,106.06,62.05,76.89,143.1,223.11,106.57,84,809.85
9986917,6,Boston,Rural,7,Card,07-11-2010,46.04,36.81,9.11,186.62,60.61,212.75,37.63,194,589.57
9018362,63,Los Angeles,Suburb,19,Cash,12-11-2010,91.49,141.41,34.54,20.96,15.36,30.18,16.29,28,350.23
9073737,80,Seattle,Suburb,22,Card,15-11-2010,99.07,35.94,148.63,10.23,138.05,191.54,39.14,17,662.6
9802515,29,New York,Suburb,8,Card,15-11-2010,62.16,71.29,11.72,210.86,31.99,211.11,39.14,218,638.27
9902802,20,Boston,Rural,13,Card,18-11-2010,73.43,77.99,19.48,156.19,45.35,247.22,542.3,163,1161.96
9780001,45,Los Angeles,Rural,21,Card,18-11-2010,18.26,30.11,56.01,32.45,23.57,203.91,276.64,39,640.95
9195982,76,Seattle,Rural,18,Cash,20-11-2010,178.32,75.85,182.09,9.47,130.47,75.25,7.07,16,658.52
9488000,57,Los Angeles,Urban,12,Card,27-11-2010,12.04,81.68,86.58,14.27,44.61,167.42,6.19,21,412.79
9548674,52,Los Angeles,Suburb,21,Card,29-11-2010,78.48,159.77,10.73,291.79,120.27,229.17,17.17,299,907.38
9364985,40,New York,Urban,10,Card,03-12-2010,194.25,38.95,11.63,91.92,30.93,218.18,20.83,99,606.69
9585949,61,Los Angeles,Rural,13,Card,07-12-2010,77.41,59.15,41.85,8.84,15.99,188.13,95.45,16,486.82
9326410,15,Boston,Urban,9,Card,07-12-2010,46.04,155.21,120.85,108.96,39.46,214.77,13.38,116,698.67
9135462,38,New York,Suburb,13,Card,08-12-2010,8.94,34.19,16.23,6.82,13.05,172.1,20.08,14,271.41
9526062,7,Boston,Rural,14,Card,09-12-2010,81.39,69.44,23.45,344.07,32.93,234.6,46.72,351,832.6
9056075,68,Seattle,Rural,14,Card,10-12-2010,60.61,34.97,97.67,36.36,73.23,174.12,7.45,43,484.41
9165649,19,Boston,Suburb,10,Card,11-12-2010,21.56,161.32,3.79,99.87,26.2,242.55,4.55,107,559.84
9519694,56,Los Angeles,Suburb,17,Card,15-12-2010,62.74,482.42,5.05,101.01,16.41,253.91,66.54,108,988.08
9010154,7,Boston,Rural,9,Card,17-12-2010,87.8,79.25,99.39,133.59,43.35,208.46,2.78,141,654.62
9187280,78,Seattle,Urban,16,Cash,17-12-2010,60.02,72.26,62.05,12.63,20.41,37.63,16.29,20,281.29
9139928,66,Seattle,Suburb,14,Card,27-12-2010,13.4,55.46,13.71,409.85,139.63,240.66,2.9,417,875.61
9509942,77,Seattle,Rural,7,Cash,29-12-2010,9.71,57.5,6.76,289.39,106.9,102.4,11.36,296,584.02
9210568,25,New York,Suburb,14,Cash,31-12-2010,238.44,228.73,75.04,296.09,28.83,113.76,6.57,303,987.46
9653008,39,New York,Rural,20,Card,05-01-2011,246.99,217.66,208.96,97.47,20.73,287.12,707.58,104,1786.51
9189399,54,Los Angeles,Urban,8,Cash,07-01-2011,179.88,309.54,15.42,63.76,17.15,102.78,35.23,71,723.76
9242963,20,Boston,Rural,14,Cash,14-01-2011,250,34.97,227.36,141.92,54.82,107.45,177.15,149,993.67
9153269,64,Seattle,Suburb,20,Cash,16-01-2011,382.09,160.06,3.79,34.85,28.62,100.76,14.14,42,724.31
9460780,18,Boston,Suburb,21,Card,20-01-2011,84.69,28.75,17.32,54.67,14.94,156.82,18.56,62,375.75
9757786,21,Boston,Suburb,14,Card,20-01-2011,106.74,65.27,6.76,4.42,72.39,183.59,10.48,11,449.65
9592932,55,Los Angeles,Suburb,18,Card,22-01-2011,199.4,57.01,123.74,138.26,15.68,271.34,267.55,145,1072.98
9954755,82,Seattle,Rural,16,Cash,25-01-2011,9.62,35.64,15.24,35.23,153.2,88.51,19.82,42,357.26
9275920,14,Boston,Suburb,10,Card,26-01-2011,187.84,112.47,33.37,485.61,70.39,270.83,258.84,493,1419.35
9994984,3,Boston,Urban,20,Card,27-01-2011,18.16,107.32,11.81,10.35,17.05,172.73,13.38,17,350.8
9804374,11,Boston,Suburb,17,Card,31-01-2011,17.87,444.64,10.82,164.9,35.77,253.41,10.1,172,937.51
9670541,29,New York,Suburb,20,Card,02-02-2011,14.28,194.25,13.89,33.21,159.09,192.68,10.23,40,617.63
9050422,52,Los Angeles,Suburb,16,Cash,06-02-2011,100.91,85.08,11,22.1,27.78,64.27,48.74,29,359.88
9038096,20,Boston,Rural,22,Cash,09-02-2011,163.07,245.53,44.73,11.49,20.2,79.42,6.69,18,571.13
9100223,65,Seattle,Urban,17,Card,12-02-2011,621.21,560.8,61.96,561.74,163.19,297.35,23.36,569,2289.61
9307381,35,New York,Rural,8,Cash,14-02-2011,10.3,119.66,15.69,14.14,153.2,59.47,277.02,21,649.48
9959171,83,Seattle,Rural,14,Card,15-02-2011,105.77,242.42,13.8,10.35,32.83,194.44,26.52,17,626.13
9815038,65,Seattle,Urban,22,Card,22-02-2011,52.84,247.86,11.54,13.64,20.41,178.28,177.9,21,702.47
9313508,60,Los Angeles,Suburb,12,Card,23-02-2011,206.1,108.49,237.55,64.52,23.78,247.1,208.08,72,1095.62
9823760,78,Seattle,Urban,12,Cash,27-02-2011,41.18,32.93,5.59,171.59,50.82,91.16,137.88,179,531.15
9422533,51,Los Angeles,Suburb,17,Cash,27-02-2011,240.87,85.66,284,245.71,29.46,111.36,20.08,253,1017.14
9723569,15,Boston,Urban,19,Card,05-03-2011,28.65,170.16,11.09,233.46,157.41,216.92,4.8,240,822.49
9276864,49,Los Angeles,Rural,15,Cash,11-03-2011,202.12,235.04,7.49,20.83,20.31,89.52,0.38,28,575.69
9067151,37,New York,Rural,20,Cash,15-03-2011,16.22,217.56,13.8,23.61,52.19,2.65,7.07,31,333.1
9906640,40,New York,Urban,22,Cash,18-03-2011,250.68,53.9,44.73,279.04,32.93,108.33,15.4,286,785.01
9458202,48,Los Angeles,Suburb,14,Cash,19-03-2011,139.28,208.82,42.12,112.5,31.14,106.06,20.83,120,660.75
9988900,31,New York,Rural,15,Card,20-03-2011,258.84,52.06,22.37,19.7,85.86,216.41,46.72,27,701.96
9817287,37,New York,Rural,7,Cash,23-03-2011,39.92,28.65,19.48,70.45,26.09,74.75,8.33,77,267.67
9139982,6,Boston,Rural,14,Card,30-03-2011,8.35,66.05,10.82,108.59,28.3,171.72,6.69,116,400.52
9744244,28,New York,Rural,18,Card,02-04-2011,14.28,42.64,6.76,81.94,18.94,177.15,16.41,89,358.12
9202994,27,New York,Urban,17,Cash,02-04-2011,35.74,96.64,10.64,139.14,31.99,85.61,24.24,146,424
9370388,16,Boston,Urban,18,Cash,05-04-2011,56.72,359.56,86.85,35.98,47.98,97.47,54.67,43,739.23
9825883,70,Seattle,Suburb,8,Cash,07-04-2011,486.4,143.75,17.23,24.75,143.94,101.01,5.3,32,922.38
9143401,66,Seattle,Suburb,15,Card,07-04-2011,218.63,405.3,14.25,102.65,28.3,244.7,13.38,110,1027.21
9045703,79,Seattle,Suburb,10,Cash,14-04-2011,712.7,179.49,12.45,24.75,150.67,111.36,13.13,32,1204.55
9937966,48,Los Angeles,Suburb,21,Card,20-04-2011,189.3,229.6,10.28,87.12,34.72,233.84,50.63,94,835.49
9887147,29,New York,Suburb,7,Card,23-04-2011,11.36,201.24,15.78,97.47,116.16,198.36,21.34,104,661.71
9780464,20,Boston,Rural,11,Cash,25-04-2011,206.68,43.51,9.2,5.43,92.59,57.7,19.32,12,434.43
9871894,50,Los Angeles,Urban,13,Cash,26-04-2011,42.35,108.49,157.65,19.82,129.63,45.83,15.15,27,518.92
9414372,51,Los Angeles,Suburb,10,Card,28-04-2011,46.62,352.76,12.27,182.7,19.89,249.37,81.94,190,945.55
9942973,50,Los Angeles,Urban,12,Card,29-04-2011,429.97,532.15,4.69,45.96,16.52,260.73,7.95,53,1297.97
9650547,68,Seattle,Rural,11,Card,29-04-2011,261.66,209.01,4.33,32.07,159.09,200.51,14.02,39,880.69
9584232,64,Seattle,Suburb,20,Card,07-05-2011,69.44,220.47,4.69,242.55,87.33,261.49,405.93,250,1291.9
9892557,75,Seattle,Rural,12,Cash,10-05-2011,11.27,55.94,79,54.29,12.84,29.29,19.32,61,261.95
9801775,83,Seattle,Rural,8,Card,12-05-2011,20.98,142.39,5.14,181.57,67.97,228.54,15.03,189,661.62
9845153,65,Seattle,Urban,19,Card,15-05-2011,36.23,193.28,258.21,11.36,52.19,201.77,17.3,18,770.34
9450062,8,Boston,Suburb,21,Card,15-05-2011,92.46,236.21,21.65,149.37,61.87,181.57,17.55,156,760.68
9986811,55,Los Angeles,Suburb,11,Card,26-05-2011,489.7,220.18,16.68,277.53,16.84,276.77,355.93,285,1653.63
9175440,33,New York,Rural,9,Cash,29-05-2011,522.34,231.55,7.03,23.36,18.94,99.62,19.95,30,922.79
9299896,9,Boston,Suburb,17,Cash,01-06-2011,18.55,154.91,26.61,14.27,63.97,64.14,11.49,21,353.94
9684758,66,Seattle,Suburb,20,Cash,06-06-2011,163.75,323.82,36.08,10.23,39.56,115.03,88.76,17,777.23
9591341,11,Boston,Suburb,7,Card,09-06-2011,61.38,115,22.37,22.1,18.41,143.94,23.36,29,406.56
9358107,27,New York,Urban,14,Cash,10-06-2011,68.57,203.57,11.54,255.68,47.03,73.74,5.05,263,665.18
9580364,12,Boston,Urban,20,Card,18-06-2011,472.71,362.28,17.77,303.66,101.64,283.08,318.31,311,1859.45
9502059,70,Seattle,Suburb,9,Card,23-06-2011,17.68,94.79,32.47,105.81,40.19,220.71,146.97,113,658.62
9417688,29,New York,Suburb,19,Card,23-06-2011,17.87,205.52,22.37,57.83,17.05,201.26,0.88,65,522.78
9835712,73,Seattle,Suburb,17,Cash,03-07-2011,60.31,117.72,15.96,1.26,12.84,60.61,14.39,8,283.09
9663905,52,Los Angeles,Suburb,12,Card,03-07-2011,21.76,149.96,26.33,86.36,19.99,171.09,22.1,93,497.59
9242903,60,Los Angeles,Suburb,7,Cash,09-07-2011,51.77,26.42,572.24,6.19,16.41,24.87,12.88,13,710.78
9602010,16,Boston,Urban,16,Card,10-07-2011,41.96,34.97,11,2.15,18.83,181.31,217.17,9,507.39
9073372,54,Los Angeles,Urban,16,Cash,17-07-2011,272.63,153.85,59.7,11.99,17.15,71.72,20.96,19,608
9048365,25,New York,Suburb,10,Cash,17-07-2011,55.94,99.46,4.78,0,34.51,49.49,121.21,7,365.39
9300515,75,Seattle,Rural,9,Cash,22-07-2011,97.51,301.57,387.36,215.66,41.25,106.94,46.72,223,1197.01
9106680,34,New York,Urban,12,Card,22-07-2011,340.91,312.26,1706.17,726.64,296.93,305.18,300,692,3988.09
9389639,46,Los Angeles,Suburb,10,Cash,25-07-2011,69.93,176.86,573.68,4.42,27.78,47.22,15.78,11,915.67
9494104,14,Boston,Suburb,16,Cash,26-07-2011,285.45,353.15,6.94,120.08,27.99,118.06,7.45,127,919.12
9624606,37,New York,Rural,8,Card,27-07-2011,57.5,66.05,57,11.49,16.52,176.14,5.3,18,390
9463449,78,Seattle,Urban,12,Cash,27-07-2011,392.19,27.2,11.99,45.58,138.05,89.14,0.76,53,704.91
9414224,68,Seattle,Rural,11,Cash,31-07-2011,225.04,359.85,17.41,129.17,104.38,108.33,5.93,136,950.11
9161726,2,Boston,Suburb,19,Card,09-08-2011,208.82,418.41,17.86,21.34,88.38,241.92,3.91,28,1000.64
9831878,20,Boston,Rural,20,Card,10-08-2011,88.68,152.1,33.37,12.37,74.07,193.81,23.36,19,577.76
9204175,36,New York,Suburb,11,Card,11-08-2011,429.97,394.62,4.06,429.29,84.28,292.3,361.49,436,1996.01
9572610,20,Boston,Rural,13,Cash,14-08-2011,51.18,111.89,10.37,90.78,82.49,38.01,7.83,98,392.55
9343617,8,Boston,Suburb,22,Card,19-08-2011,30.11,165.5,49.06,27.27,86.7,240.4,571.21,34,1170.25
9674957,76,Seattle,Rural,10,Cash,27-08-2011,239.7,222.22,11.27,8.08,78.28,65.78,13.76,15,639.09
9890368,17,Boston,Urban,14,Card,02-09-2011,223.78,159.19,22.37,163.64,51.35,248.36,241.79,171,1110.48
9307795,24,New York,Rural,13,Cash,04-09-2011,216.2,218.34,9.56,80.05,42.93,78.41,13.38,87,658.87
9900089,55,Los Angeles,Suburb,20,Cash,04-09-2011,72.55,100.33,5.32,367.42,65.45,109.47,117.3,374,837.84
9336970,54,Los Angeles,Urban,18,Card,07-09-2011,588.29,35.64,25.16,47.47,35.35,251.77,12.63,54,996.31
9982303,31,New York,Rural,15,Cash,08-09-2011,45.36,155.79,7.4,851.14,83.23,125.13,4.17,858,1272.22
9702218,70,Seattle,Suburb,10,Card,10-09-2011,571.78,59.44,6.94,89.52,73.23,273.23,266.79,97,1340.93
9102115,52,Los Angeles,Suburb,12,Cash,12-09-2011,25.25,45.75,98.48,31.69,143.1,88.64,121.59,39,554.5
9013855,67,Seattle,Suburb,11,Card,13-09-2011,176.57,456.2,68.18,13.38,156.57,245.83,118.06,20,1234.79
9965974,80,Seattle,Suburb,9,Cash,15-09-2011,646.46,240.87,4.6,8.84,13.15,104.42,9.09,16,1027.43
9934465,68,Seattle,Rural,9,Card,15-09-2011,810.22,135.68,104.44,5.43,64.81,266.54,1.52,12,1388.64
9000090,25,New York,Suburb,19,Card,16-09-2011,112.76,636.17,84.6,537.12,152.04,292.55,11.49,544,1826.73
9830758,4,Boston,Rural,18,Card,25-09-2011,220.77,148.21,12.36,469.7,77.23,274.75,109.72,477,1312.74
9902410,44,Los Angeles,Urban,9,Card,29-09-2011,8.84,898.12,156.02,87.12,95.12,262.88,19.95,94,1528.05
9988738,43,Los Angeles,Suburb,22,Card,30-09-2011,12.14,90.13,164.5,17.8,141.41,145.45,24.62,25,596.05
9904274,24,New York,Rural,13,Card,01-10-2011,275.06,92.37,98.48,66.54,13.78,255.05,613.26,74,1414.54
9657984,55,Los Angeles,Suburb,10,Cash,03-10-2011,14.57,230.48,11.72,20.2,119.53,68.69,9.34,27,474.53
9982164,73,Seattle,Suburb,18,Cash,04-10-2011,295.16,790.11,18.94,624.37,161.93,153.16,220.71,631,2264.38
9478560,5,Boston,Urban,17,Card,05-10-2011,299.73,243.59,6.13,270.33,43.77,259.72,51.14,277,1174.41
9079144,28,New York,Rural,14,Card,10-10-2011,737.08,725.52,283.19,413.51,96.38,293.31,98.61,421,2647.6
9488876,13,Boston,Rural,8,Card,11-10-2011,29.53,54.2,61.33,168.81,40.93,199.87,51.14,176,605.81
9560959,4,Boston,Rural,21,Card,12-10-2011,43.9,40.4,14.79,131.57,35.88,193.43,5.56,139,465.53
9564298,65,Seattle,Urban,21,Cash,17-10-2011,179.29,279.33,13.8,30.05,68.18,99.24,36.87,37,706.76
9635083,52,Los Angeles,Suburb,13,Cash,22-10-2011,27.97,30.3,27.96,8.21,20.62,25.13,39.14,15,179.33
9987450,81,Seattle,Suburb,19,Card,22-10-2011,9.71,50.89,68.45,3.54,27.78,158.84,21.09,11,340.3
9438908,11,Boston,Suburb,13,Cash,23-10-2011,113.44,48.17,5.59,98.61,23.57,69.7,7.45,106,366.53
9493252,1,Boston,Urban,15,Card,25-10-2011,38.07,90.81,106.69,22.98,159.93,185.86,105.05,30,709.39
9963414,72,Seattle,Suburb,18,Card,25-10-2011,41.47,267.39,131.67,17.42,139.73,210.86,23.36,24,831.9
9732619,34,New York,Urban,12,Card,28-10-2011,92.95,268.36,9.56,9.47,113.64,224.37,177.9,16,896.25
9730074,1,Boston,Urban,19,Card,05-11-2011,8.84,149.38,174.42,95.83,35.14,194.44,23.74,103,681.79
9889334,8,Boston,Suburb,8,Card,08-11-2011,60.02,82.56,8.21,120.45,17.99,220.96,68.56,127,578.75
9133952,59,Los Angeles,Urban,10,Cash,09-11-2011,31.37,132.28,11.27,24.12,147.31,60.48,21.84,31,428.67
9859377,39,New York,Rural,22,Card,10-11-2011,51.77,64.88,150.34,7.45,86.7,180.68,11.49,14,553.31
9850050,7,Boston,Rural,14,Card,13-11-2011,63.42,226.88,10.28,205.68,15.57,195.33,23.36,213,740.52
9177643,44,Los Angeles,Urban,8,Card,14-11-2011,9.13,138.4,10.1,46.72,122.05,182.07,33.21,54,541.68
9332795,24,New York,Rural,16,Card,17-11-2011,54.2,188.03,245.76,62.63,101.01,176.39,11.87,70,839.89
9744065,61,Los Angeles,Rural,18,Cash,24-11-2011,10.49,57.5,23.72,16.54,60.61,14.02,2.27,24,185.15
9672728,24,New York,Rural,7,Cash,24-11-2011,42.35,171.91,329.91,275.88,104.38,122.22,27.27,283,1073.92
9598074,23,New York,Rural,21,Card,26-11-2011,110.63,80.13,6.13,445.96,16.41,244.32,16.16,453,919.74
9873564,24,New York,Rural,20,Card,27-11-2011,8.26,150.74,7.31,62.63,25.67,187.37,141.04,70,583.02
9833370,25,New York,Suburb,18,Card,28-11-2011,433.95,461.05,103.63,616.41,180.98,291.16,56.69,623,2143.87
9018072,40,New York,Urban,8,Card,30-11-2011,18.36,143.75,12.27,30.43,56.4,160.23,31.31,37,452.75
9457763,38,New York,Suburb,16,Card,30-11-2011,129.86,718.14,12.63,915.03,184.03,296.09,20.83,902,2276.61
9082006,57,Los Angeles,Urban,7,Card,05-12-2011,117.04,530.59,110.39,340.53,22.62,284.34,396.46,348,1801.97
9215719,31,New York,Rural,17,Card,05-12-2011,92.46,121.21,64.48,31.69,98.48,146.72,22.98,39,578.02
9195855,46,Los Angeles,Suburb,11,Card,11-12-2011,49.73,39.92,21.74,19.57,18.73,161.62,46.72,27,358.03
9925057,18,Boston,Suburb,20,Card,11-12-2011,440.07,153.94,4.42,142.3,44.61,277.4,492.3,149,1555.04
9027739,60,Los Angeles,Suburb,16,Card,12-12-2011,13.89,239.02,4.78,246.09,75.02,242.17,5.56,253,826.53
9846794,3,Boston,Urban,18,Cash,17-12-2011,11.36,65.27,4.78,17.8,71.55,15.03,15.28,25,201.07
9753653,47,Los Angeles,Urban,21,Card,18-12-2011,243.59,343.92,27.69,115.66,18.52,263.51,292.55,123,1305.44
9855940,6,Boston,Rural,9,Card,20-12-2011,75.85,201.24,64.21,105.81,146.46,185.48,35.23,113,814.28
9602837,25,New York,Suburb,21,Card,20-12-2011,64.3,224.07,10.1,9.09,28.62,209.97,62.12,16,608.27
9123507,31,New York,Rural,16,Card,21-12-2011,91.1,236.89,101.91,189.02,65.45,256.19,81.94,196,1022.5
9199985,73,Seattle,Suburb,13,Card,24-12-2011,14.86,104.22,254.24,17.17,85.86,222.98,173.23,24,872.56
9282315,40,New York,Urban,7,Card,24-12-2011,203.09,31.95,28.86,128.41,47.14,210.23,4.29,135,653.97
9972455,48,Los Angeles,Suburb,21,Cash,27-12-2011,507.09,324.4,24.89,492.3,59.55,137.75,118.06,499,1664.04
9109983,74,Seattle,Urban,10,Card,28-12-2011,143.94,312.84,14.34,291.79,28.51,263.13,0,299,1054.55
9679128,50,Los Angeles,Urban,20,Card,30-12-2011,308.28,452.21,44.37,189.02,64.71,268.94,142.68,196,1470.21
9347226,46,Los Angeles,Suburb,16,Card,02-01-2012,16.32,163.46,52.67,19.32,105.22,214.52,153.41,26,724.92
9381561,72,Seattle,Suburb,17,Card,02-01-2012,72.55,365.58,16.68,25.76,143.94,241.41,15.91,33,881.83
9195025,65,Seattle,Urban,21,Cash,02-01-2012,10.2,96.35,4.87,130.43,46.4,74.24,95.83,137,458.32
9348584,76,Seattle,Rural,8,Card,03-01-2012,32.63,554.97,14.88,231.82,58.4,251.01,4.67,239,1148.38
9416385,30,New York,Rural,7,Card,05-01-2012,40.4,200.47,127.07,21.09,15.36,182.2,11.74,28,598.33
9418582,37,New York,Rural,17,Cash,06-01-2012,17.58,54.88,36.17,10.61,26.94,33.21,23.99,18,203.38
9914434,14,Boston,Suburb,17,Cash,06-01-2012,9.42,54.2,36.53,127.15,13.99,83.21,11.87,134,336.37
9203909,54,Los Angeles,Urban,13,Cash,07-01-2012,53.61,205.91,15.24,141.41,34.51,63.38,6.44,148,520.5
9170761,67,Seattle,Suburb,15,Card,09-01-2012,42.35,210.57,29.67,7.83,143.94,153.16,14.14,15,601.66
9727539,31,New York,Rural,20,Card,09-01-2012,221.64,65.56,10.19,390.4,125.32,252.02,5.43,397,1070.56
9429900,59,Los Angeles,Urban,20,Cash,12-01-2012,51.77,99.65,9.56,36.36,79.12,70.71,17.55,43,364.72
9132191,73,Seattle,Suburb,11,Card,14-01-2012,15.83,165.89,33.64,20.83,19.04,196.59,9.72,28,461.54
9825053,78,Seattle,Urban,7,Cash,17-01-2012,225.62,144.81,12.63,100.25,36.2,121.21,444.32,107,1085.04
9227172,75,Seattle,Rural,18,Card,19-01-2012,391.51,87.8,27.96,575.63,128.68,289.9,434.47,583,1935.95
9102625,82,Seattle,Rural,14,Card,20-01-2012,45.07,34.97,15.24,161.24,55.24,205.18,9.47,168,526.41
9974636,34,New York,Urban,20,Card,22-01-2012,236.6,151.52,16.68,378.16,116.16,269.7,352.02,385,1520.84
9528370,1,Boston,Urban,7,Card,23-01-2012,251.85,425.12,148.36,280.68,47.98,286.99,279.8,288,1720.78
9524976,83,Seattle,Rural,16,Card,25-01-2012,95.09,300.02,57,41.54,13.99,237.88,150.63,49,896.15
9401148,84,Seattle,Rural,15,Card,31-01-2012,11.75,226.88,109.31,83.96,33.35,173.11,22.6,91,660.96
9072652,64,Seattle,Suburb,16,Card,31-01-2012,73.04,272.34,33.19,16.41,18.52,205.3,58.96,23,677.76
9157418,15,Boston,Urban,16,Card,02-02-2012,29.53,147.24,4.06,191.04,32.51,222.73,153.03,198,780.14
9829685,52,Los Angeles,Suburb,18,Card,04-02-2012,24.09,224.55,5.95,17.68,19.99,182.07,9.47,25,483.8
9612683,74,Seattle,Urban,7,Card,10-02-2012,775.54,176.18,290.22,394.07,131.31,290.28,212.5,401,2270.1
9716825,50,Los Angeles,Urban,17,Card,10-02-2012,152.49,275.64,17.86,588.64,120.58,284.97,107.32,596,1547.5
9899778,66,Seattle,Suburb,19,Cash,16-02-2012,17.48,95.67,15.24,24.49,147.31,31.19,10.23,31,341.61
9480810,1,Boston,Urban,13,Card,17-02-2012,16.8,109.46,16.5,13.01,52.19,182.45,16.92,20,407.33
9446688,36,New York,Suburb,14,Card,18-02-2012,111.31,245.44,58.53,7.32,80.81,207.83,1.26,14,712.5
9285712,25,New York,Suburb,15,Card,21-02-2012,53.61,175.6,9.02,12.5,16.52,164.39,78.79,20,510.43
9167693,67,Seattle,Suburb,21,Cash,25-02-2012,83.24,401.61,5.95,201.77,37.56,135.86,25,209,890.99
9602023,45,Los Angeles,Rural,8,Card,26-02-2012,135.68,236.6,14.34,431.31,45.35,248.86,149.37,438,1261.51
9337562,36,New York,Suburb,20,Cash,29-02-2012,397.34,38.07,142.14,361.87,106.9,128.41,233.84,369,1408.57
9283072,2,Boston,Suburb,19,Cash,01-03-2012,24.09,73.72,59.16,5.81,117,35.73,10.23,13,325.74
9992236,2,Boston,Suburb,22,Cash,05-03-2012,45.36,722.42,351.64,418.56,54.71,137.37,21.09,426,1751.15
9024183,8,Boston,Suburb,18,Card,07-03-2012,60.61,161.32,9.83,27.27,38.72,233.08,461.87,34,992.7
9315040,9,Boston,Suburb,21,Card,08-03-2012,35.06,130.15,110.39,26.14,111.95,197.35,76.52,33,687.56
9886755,46,Los Angeles,Suburb,9,Card,11-03-2012,373.54,191.92,40.49,146.97,21.04,257.45,83.59,154,1115
9776611,72,Seattle,Suburb,13,Cash,13-03-2012,13.69,131.12,17.05,312.37,80.39,100.38,14.77,319,669.77
9422986,60,Los Angeles,Suburb,8,Cash,13-03-2012,50.51,43.61,8.21,165.66,66.29,78.54,4.67,173,417.49
9051267,52,Los Angeles,Suburb,9,Cash,15-03-2012,53.9,27.39,6.94,65.78,17.89,41.29,5.93,73,219.12
9438376,66,Seattle,Suburb,11,Card,19-03-2012,124.03,45.36,47.53,177.9,25.04,248.48,378.91,185,1047.25
9163365,7,Boston,Rural,20,Card,21-03-2012,95.38,198.23,17.68,53.91,20.2,215.03,30.43,61,630.86
9685233,36,New York,Suburb,20,Cash,24-03-2012,91.1,198.82,33.37,53.03,19.57,92.55,20.2,60,508.64
9755986,26,New York,Suburb,7,Cash,26-03-2012,7.87,230.48,4.96,0.76,20.2,82.83,126.77,8,473.87
9963795,34,New York,Urban,14,Cash,30-03-2012,60.31,1555.36,100.74,202.53,113.64,150.25,1.77,210,2184.6
9761458,42,New York,Urban,10,Card,30-03-2012,10.88,182.98,16.87,83.21,127.95,224.49,136.74,90,783.12
9037943,64,Seattle,Suburb,10,Card,31-03-2012,458.04,359.56,101.01,573.99,192.87,285.1,104.17,581,2074.74
9871929,40,New York,Urban,22,Cash,01-04-2012,7.87,63.71,6.76,104.55,74.92,71.21,256.44,112,585.46
9334414,71,Seattle,Urban,19,Card,01-04-2012,57.01,59.44,48.07,371.84,103.75,228.91,11.49,379,880.51
9902189,58,Los Angeles,Suburb,12,Card,03-04-2012,42.35,72.84,7.58,53.41,69.87,184.97,6.82,60,437.84
9535868,34,New York,Urban,9,Cash,04-04-2012,80.81,73.04,8.03,7.32,26.09,29.42,0.63,14,225.34
9958621,57,Los Angeles,Urban,11,Cash,05-04-2012,90.91,243.2,15.06,0.51,74.07,13.64,18.94,8,456.33
9183183,11,Boston,Suburb,11,Card,05-04-2012,75.37,82.94,9.29,266.79,24.52,207.45,3.66,274,670.02
9230861,33,New York,Rural,11,Cash,05-04-2012,31.86,256.12,51.77,61.36,22.83,106.69,218.43,68,749.06
9955536,27,New York,Urban,20,Card,07-04-2012,24.09,188.71,169.28,27.27,109.43,219.19,9.09,34,747.06
9346684,36,New York,Suburb,8,Cash,16-04-2012,33.8,215.23,27.42,122.1,113.64,46.34,1.01,129,559.54
9011139,61,Los Angeles,Rural,16,Card,16-04-2012,92.66,877.62,333.51,252.9,27.99,273.99,4.67,260,1863.34
9742150,11,Boston,Suburb,13,Card,17-04-2012,9.91,28.94,11.63,221.59,79.44,196.34,23.48,229,571.33
9632292,79,Seattle,Suburb,17,Cash,17-04-2012,70.71,60.61,67.82,277.9,94.91,86.62,14.77,285,673.34
9923086,37,New York,Rural,19,Cash,19-04-2012,287.59,804.2,10.1,371.09,28.83,143.18,16.92,378,1661.91
9571255,51,Los Angeles,Suburb,18,Card,20-04-2012,10.39,28.36,98.48,487.63,112.16,224.75,15.28,495,977.05
9954415,61,Los Angeles,Rural,16,Card,21-04-2012,376.94,540.7,51.77,162.5,33.67,293.56,347.6,170,1806.74
9291541,67,Seattle,Suburb,15,Card,24-04-2012,279.04,203.57,12.54,4.92,43.77,203.66,39.14,12,786.64
9742125,60,Los Angeles,Suburb,21,Cash,25-04-2012,35.94,193.57,13.62,315.15,51.98,101.52,16.16,322,727.94
9268397,8,Boston,Suburb,12,Card,27-04-2012,225.62,418.03,253.16,246.97,90.91,262.25,179.55,254,1676.49
9242729,65,Seattle,Urban,14,Cash,28-04-2012,90.91,239.32,102.72,11.49,73.23,19.32,9.6,18,546.59
9367710,16,Boston,Urban,12,Card,28-04-2012,178.32,45.07,10.37,62.63,26.09,232.95,72.47,70,627.9
9555725,58,Los Angeles,Suburb,19,Card,01-05-2012,49.92,70.12,74.4,112.5,21.99,205.81,89.9,120,624.64
9624023,61,Los Angeles,Rural,10,Cash,02-05-2012,45.36,213.68,7.12,10.23,159.93,27.65,7.95,17,471.92
9665556,12,Boston,Urban,15,Cash,03-05-2012,17.09,192.11,107.59,11.49,126.26,82.32,21.34,18,558.2
9838388,8,Boston,Suburb,8,Card,03-05-2012,91.1,210.08,8.21,107.83,31.99,212.12,10.48,115,671.81
9328603,56,Los Angeles,Suburb,19,Cash,08-05-2012,26.81,34.67,5.86,100.25,41.25,92.05,6.94,107,307.83
9339495,24,New York,Rural,9,Cash,08-05-2012,10.59,116.74,83.78,14.77,34.51,65.66,27.65,22,353.7
9250490,71,Seattle,Urban,16,Card,08-05-2012,9.42,42.64,56.28,140.66,32.62,214.14,5.3,148,501.06
9874607,50,Los Angeles,Urban,10,Card,09-05-2012,445.22,140.64,7.12,308.33,36.62,251.39,47.1,315,1236.42
9158289,23,New York,Rural,11,Cash,11-05-2012,85.08,93.24,7.85,343.69,62.18,100.51,21.09,351,713.64
9568324,28,New York,Rural,8,Card,14-05-2012,92.95,102.08,13.26,147.85,56.82,222.47,90.28,155,725.71
9799025,55,Los Angeles,Suburb,18,Card,16-05-2012,105.77,95.09,39.05,344.44,27.78,236.24,58.59,351,906.96
9950762,32,New York,Urban,19,Card,19-05-2012,69.15,202.8,9.38,178.79,25.15,181.94,24.24,186,691.45
9196700,26,New York,Suburb,22,Card,22-05-2012,50.6,441.24,13.26,341.29,115.43,255.68,58.96,348,1276.46
9475411,14,Boston,Suburb,16,Card,27-05-2012,54.88,221.93,14.88,35.98,43.77,236.87,278.28,43,886.59
9352720,2,Boston,Suburb,17,Card,27-05-2012,72.55,122.86,5.32,19.32,80.81,195.96,6.44,26,503.26
9045977,48,Los Angeles,Suburb,18,Card,28-05-2012,318.38,45.36,36.53,56.69,23.57,252.9,15.4,64,748.83
9774054,13,Boston,Rural,21,Card,29-05-2012,26.52,176.38,61.69,51.14,37.04,242.55,502.27,58,1097.59
9678431,46,Los Angeles,Suburb,16,Card,29-05-2012,35.94,95.38,7.49,13.76,83.33,216.04,186.62,21,638.56
9285760,29,New York,Suburb,11,Cash,31-05-2012,19.23,147.82,6.4,128.79,37.88,121.72,16.79,136,478.63
9370493,41,New York,Suburb,20,Cash,31-05-2012,172.59,247.86,17.05,166.79,34.62,114.65,19.07,174,772.63
9299363,50,Los Angeles,Urban,8,Cash,01-06-2012,138.69,40.5,61.15,93.56,20.31,100.63,140.66,101,595.5
9701098,49,Los Angeles,Rural,7,Card,02-06-2012,184.73,345.47,12.54,1026.77,48.61,279.17,22.47,1034,1919.76
9022066,74,Seattle,Urban,21,Card,04-06-2012,12.33,76.92,13.26,44.32,80.81,154.04,4.29,51,385.97
9760729,78,Seattle,Urban,7,Cash,06-06-2012,15.05,84.69,104.98,6.82,143.1,36.36,5.05,14,396.05
9990952,59,Los Angeles,Urban,18,Card,06-06-2012,78.67,137.53,26.88,14.65,46.3,178.16,51.14,22,533.33
9106695,54,Los Angeles,Urban,7,Card,09-06-2012,95.67,147.24,11.09,47.1,19.57,238.89,15.28,54,574.84
9084258,12,Boston,Urban,18,Card,10-06-2012,179.29,36.81,357.86,58.59,18.2,197.1,3.66,66,851.51
9205361,40,New York,Urban,17,Card,11-06-2012,168.03,153.36,14.34,4.67,24.41,213.38,15.4,12,593.59
9526303,58,Los Angeles,Suburb,10,Card,12-06-2012,144.52,250.97,417.12,64.9,15.99,232.58,17.42,72,1143.5
9190286,12,Boston,Urban,18,Card,12-06-2012,45.36,87.51,12.63,250.88,15.99,237.88,98.23,258,748.48
9857081,60,Los Angeles,Suburb,14,Cash,13-06-2012,67.6,81.1,13.8,27.27,81.65,62.75,11.49,34,345.66
9151090,6,Boston,Rural,18,Card,13-06-2012,19.43,240.09,20.92,6.06,111.95,165.53,21.59,13,585.57
9738677,45,Los Angeles,Rural,20,Card,13-06-2012,65.17,221.64,7.76,717.93,116.58,265.15,184.34,685,1578.57
9809610,13,Boston,Rural,22,Card,16-06-2012,20.98,50.89,9.11,541.16,105.22,235.98,38.38,548,1001.72
9889968,5,Boston,Urban,20,Card,17-06-2012,13.31,137.53,3.88,302.78,84.6,227.53,47.1,310,816.73
9341495,12,Boston,Urban,20,Card,20-06-2012,254.27,281.47,10.82,449.49,151.52,280.18,58.59,456,1486.34
9677598,12,Boston,Urban,17,Card,23-06-2012,17.87,129.56,70.44,68.18,31.99,192.8,13.13,75,523.97
9728199,24,New York,Rural,16,Card,23-06-2012,206.68,196.1,8.48,463.38,144.57,267.68,143.06,470,1429.95
9918166,57,Los Angeles,Urban,11,Cash,27-06-2012,122.57,45.07,44.73,304.8,12.84,85.98,11.74,312,627.73
9355077,56,Los Angeles,Suburb,11,Card,27-06-2012,172.88,612.67,19.21,40.03,96.8,270.08,502.27,47,1713.94
9118992,19,Boston,Suburb,22,Card,02-07-2012,97.8,93.24,174.15,120.08,29.67,226.64,38.76,127,780.34
9002170,40,New York,Urban,19,Cash,05-07-2012,365.97,332.94,11.36,108.21,121.21,120.2,119.32,115,1179.21
9527919,76,Seattle,Rural,12,Card,06-07-2012,85.47,564.49,58.44,6.31,20.62,228.66,3.79,13,967.78
9022187,20,Boston,Rural,11,Card,09-07-2012,59.15,101.01,310.34,20.83,20.94,204.67,244.19,28,961.13
9675231,16,Boston,Urban,22,Card,11-07-2012,17.29,41.18,8.84,162.88,19.26,189.52,56.19,170,495.16
9696491,66,Seattle,Suburb,20,Card,11-07-2012,15.54,293.03,12.27,18.43,42.93,203.41,6.82,25,592.43
9833454,50,Los Angeles,Urban,22,Cash,19-07-2012,132.28,232.32,25.16,137.5,49.03,88.01,3.79,145,668.09
9738502,24,New York,Rural,12,Card,19-07-2012,81.39,238.44,6.58,53.03,13.15,226.52,19.32,60,638.43
9129369,13,Boston,Rural,13,Card,19-07-2012,24.09,51.18,50.51,117.3,24.52,193.06,21.34,124,482
9206050,72,Seattle,Suburb,14,Card,21-07-2012,36.81,122.86,4.15,105.05,41.46,202.53,1.89,112,514.75
9253311,70,Seattle,Suburb,7,Cash,24-07-2012,45.07,91.69,17.32,144.19,58.29,58.21,24.87,151,439.64
9909529,58,Los Angeles,Suburb,20,Card,26-07-2012,220.77,130.54,15.06,353.16,33.04,227.15,27.27,360,1006.99
9656258,73,Seattle,Suburb,13,Card,26-07-2012,395.2,99.07,18.76,74.49,28.51,232.2,9.85,81,858.08
9644911,45,Los Angeles,Rural,11,Cash,01-08-2012,220.18,329.35,15.51,216.79,40.4,136.99,235.86,224,1195.08
9032722,51,Los Angeles,Suburb,9,Cash,02-08-2012,35.64,70.12,32.47,19.32,157.41,41.04,24.87,26,380.87
9472706,68,Seattle,Rural,14,Cash,06-08-2012,46.62,198.91,3.79,27.27,68.18,33.84,4.67,34,383.28
9862199,13,Boston,Rural,15,Card,07-08-2012,29.82,90.91,16.68,97.85,25.46,177.65,17.42,105,455.79
9878875,12,Boston,Urban,11,Card,07-08-2012,130.15,32.54,171.27,22.1,21.89,180.3,20.08,29,578.33
9369360,80,Seattle,Suburb,15,Card,07-08-2012,30.11,36.23,14.79,9.6,16.62,177.53,94.32,17,379.2
9927866,40,New York,Urban,11,Card,09-08-2012,31.86,172.3,7.03,15.4,38.72,202.4,21.34,22,489.05
9925904,54,Los Angeles,Urban,12,Card,17-08-2012,11.85,211.34,33.91,23.36,150.67,186.49,154.55,30,772.17
9034151,70,Seattle,Suburb,7,Card,19-08-2012,114.9,222.61,354.26,279.8,34.2,256.69,344.07,287,1606.53
9173432,62,Los Angeles,Urban,10,Cash,19-08-2012,57.01,171.04,76.66,427.78,166.77,116.04,15.53,435,1030.83
9149529,27,New York,Urban,14,Cash,20-08-2012,69.15,358,13.71,88.01,26.3,90.15,6.94,95,652.26
9925232,65,Seattle,Urban,12,Cash,21-08-2012,79.55,104.12,16.68,41.16,70.71,38.89,12.75,48,363.86
9512697,26,New York,Suburb,11,Card,26-08-2012,45.07,248.83,13.17,43.18,14.84,234.97,79.67,50,679.73
9015490,2,Boston,Suburb,8,Card,27-08-2012,10.39,129.76,359.58,8.59,70.71,169.07,13.38,16,761.48
9105719,59,Los Angeles,Urban,8,Card,29-08-2012,11.85,410.16,43.29,563.76,39.14,250.38,5.43,571,1324.01
9393013,11,Boston,Suburb,16,Cash,01-09-2012,331.49,182.6,332.7,19.32,41.25,98.61,2.4,26,1008.37
9592725,57,Los Angeles,Urban,20,Card,04-09-2012,81.39,130.15,16.96,54.29,16.1,213.26,95.83,61,607.98
9876155,45,Los Angeles,Rural,10,Cash,06-09-2012,163.75,338.19,36.8,108.96,25.25,125,501.01,116,1298.96
9197887,84,Seattle,Rural,14,Card,08-09-2012,9.71,73.72,87.48,133.96,21.04,208.46,118.43,141,652.8
9117283,12,Boston,Urban,12,Card,09-09-2012,405.59,384.23,199.86,468.18,163.4,294.7,243.81,475,2159.77
9074476,7,Boston,Rural,12,Card,10-09-2012,784.97,190.27,183.17,137.5,25.15,262.75,14.9,145,1598.71
9679025,76,Seattle,Rural,11,Cash,12-09-2012,120.14,46.04,4.78,49.12,56.4,81.69,93.94,56,452.11
9844020,37,New York,Rural,16,Cash,13-09-2012,34.67,288.75,153.41,108.59,16.1,96.59,11.49,116,709.6
9613986,45,Los Angeles,Rural,9,Card,14-09-2012,35.74,95.57,39.05,796.46,68.6,239.52,3.54,803,1278.48
9713200,24,New York,Rural,12,Cash,15-09-2012,81.68,173.27,42.57,129.17,133.84,74.37,14.39,136,649.29
9284876,45,Los Angeles,Rural,13,Card,16-09-2012,67.6,137.24,106.42,99.12,50.51,193.31,9.6,106,663.8
9846993,71,Seattle,Urban,21,Card,18-09-2012,93.24,200.47,78.64,15.4,139.73,170.83,138.26,22,836.57
9248894,59,Los Angeles,Urban,10,Cash,19-09-2012,78.67,241.84,5.68,18.94,20.62,76.01,18.69,26,460.45
9284396,51,Los Angeles,Suburb,7,Card,21-09-2012,194.25,154.53,15.06,177.53,41.98,242.68,48.36,185,874.39
9579778,73,Seattle,Suburb,20,Card,22-09-2012,58.28,240.09,174.42,134.34,49.56,178.79,10.61,141,846.09
9937149,17,Boston,Urban,17,Cash,24-09-2012,22.53,30.11,54.65,20.58,15.99,15.91,10.61,28,170.38
9484543,35,New York,Rural,19,Card,24-09-2012,176.86,130.15,100.74,151.01,22.83,243.43,0.76,158,825.78
9686297,51,Los Angeles,Suburb,15,Card,24-09-2012,361.99,127.43,289.95,253.28,29.99,241.16,7.45,260,1311.25
9869751,64,Seattle,Suburb,15,Card,25-09-2012,32.25,45.84,108.41,21.21,15.68,206.19,145.08,28,574.66
9162331,81,Seattle,Suburb,22,Card,26-09-2012,54.39,30.3,15.51,487.63,117,210.48,6.31,495,921.62
9509563,59,Los Angeles,Urban,16,Cash,01-10-2012,10.98,289.04,25.16,582.32,183.5,127.02,16.04,589,1234.06
9504832,63,Los Angeles,Suburb,14,Card,04-10-2012,615.97,195.12,15.42,51.52,92.59,263.01,244.19,59,1477.82
9294070,4,Boston,Rural,15,Cash,04-10-2012,40.5,790.4,34.81,30.05,103.54,124.12,27.27,37,1150.69
9072744,24,New York,Rural,18,Card,05-10-2012,135.1,219.11,17.32,23.86,34.51,209.09,159.34,31,798.33
9395431,25,New York,Suburb,8,Cash,06-10-2012,17.77,49.63,17.68,201.77,43.88,67.93,5.43,209,404.09
9653167,13,Boston,Rural,14,Card,06-10-2012,38.07,96.93,280.57,77.65,21.57,218.43,13.13,85,746.35
9891037,11,Boston,Suburb,13,Card,08-10-2012,17.97,143.94,16.68,14.65,13.15,179.29,14.52,22,400.2
9585148,20,Boston,Rural,11,Cash,09-10-2012,15.93,137.53,7.31,49.49,83.33,28.28,24.62,56,346.49
9567574,77,Seattle,Rural,16,Cash,09-10-2012,45.36,95.57,411.98,3.41,19.99,22.73,6.57,10,605.61
9750977,53,Los Angeles,Rural,22,Cash,11-10-2012,74.59,1077.12,32.2,87.5,51.35,145.71,1.14,95,1469.61
9838196,68,Seattle,Rural,13,Card,14-10-2012,87.22,581.88,17.68,298.86,70.71,264.77,5.43,306,1326.55
9476200,20,Boston,Rural,18,Card,16-10-2012,24.09,29.82,5.68,265.91,45.14,218.81,85.61,273,675.06
9490312,32,New York,Urban,9,Cash,18-10-2012,908.12,602.27,7.58,12.63,94.28,144.07,392.8,20,2161.75
9541740,31,New York,Rural,14,Card,20-10-2012,23.41,43.61,312.32,14.27,15.15,163.26,20.71,21,592.73
9658835,32,New York,Urban,13,Card,22-10-2012,24.09,154.62,12.27,177.9,32.41,185.86,9.97,185,597.12
9257975,8,Boston,Suburb,13,Cash,22-10-2012,353.73,770.88,10.37,166.04,50.82,133.84,8.71,173,1494.39
9706141,49,Los Angeles,Rural,7,Card,26-10-2012,25.84,110.92,33.19,98.23,36.93,219.82,164.02,105,688.95
9591255,26,New York,Suburb,11,Cash,27-10-2012,260.39,49.73,33.37,124.37,49.14,85.73,21.97,131,624.7
9655421,6,Boston,Rural,20,Cash,28-10-2012,104.9,475.43,63.4,630.68,127.63,139.27,121.59,638,1662.9
9217310,63,Los Angeles,Suburb,22,Card,30-10-2012,108.78,131.12,17.77,48.74,143.94,198.48,3.03,56,651.86
9788497,69,Seattle,Suburb,19,Card,31-10-2012,69.15,201.24,8.21,442.42,144.89,248.23,103.41,449,1217.55
9398053,59,Los Angeles,Urban,18,Card,02-11-2012,506.51,322.26,64.84,226.26,79.97,270.96,8.59,233,1479.39
9702405,4,Boston,Rural,15,Cash,04-11-2012,255.54,570.22,20.92,322.6,112.79,133.08,78.79,330,1493.94
9804412,77,Seattle,Rural,20,Card,05-11-2012,9.13,130.15,45,219.19,42.09,204.55,24.37,226,674.48
9399383,69,Seattle,Suburb,19,Cash,06-11-2012,53.32,163.17,90.55,45.58,42.09,59.97,5.68,53,460.36
9198589,14,Boston,Suburb,13,Cash,07-11-2012,48.17,91.1,3.61,11.49,36.2,31.57,21.59,18,243.73
9102307,9,Boston,Suburb,8,Card,07-11-2012,67.02,150.64,3.79,19.82,26.94,191.92,10.1,27,470.23
9165114,20,Boston,Rural,14,Card,10-11-2012,12.82,369.85,15.78,9.47,136.36,233.33,6.69,16,784.3
9281175,45,Los Angeles,Rural,20,Card,15-11-2012,14.96,141.8,38.24,8.21,15.15,189.77,9.22,15,417.35
9040207,83,Seattle,Rural,20,Card,17-11-2012,12.82,203.96,15.51,11.99,12.84,189.14,19.95,19,466.21
9815730,4,Boston,Rural,22,Cash,18-11-2012,201.24,153.07,10.37,65.4,21.57,122.85,332.58,72,907.08
9005703,27,New York,Urban,11,Card,19-11-2012,157.34,75.85,16.87,39.14,107.74,235.23,397.6,46,1029.77
9209433,32,New York,Urban,12,Card,19-11-2012,297.59,508.35,11.63,75.63,15.57,287.75,801.14,83,1997.66
9111222,55,Los Angeles,Suburb,10,Cash,21-11-2012,67.99,134.42,214.29,14.39,47.14,46.59,18.69,21,543.51
9143285,70,Seattle,Suburb,20,Card,24-11-2012,48.95,173.17,14.43,53.03,55.56,189.27,2.02,60,536.43
9702598,75,Seattle,Rural,20,Cash,24-11-2012,54.2,104.12,98.76,93.94,30.2,75,2.15,101,458.37
9238359,82,Seattle,Rural,18,Card,03-12-2012,90.91,299.15,9.38,140.66,45.66,238.89,121.59,148,946.24
9416206,21,Boston,Suburb,17,Card,04-12-2012,928.61,120.73,4.78,464.14,28.09,280.81,31.31,471,1858.47
9958495,53,Los Angeles,Rural,14,Card,06-12-2012,55.17,423.27,17.14,55.05,79.97,239.9,6.57,62,877.07
9096813,26,New York,Suburb,18,Card,10-12-2012,32.25,90.13,17.86,7.83,122.9,168.06,24.75,15,463.78
9925276,24,New York,Rural,11,Cash,11-12-2012,14.96,655.69,12.54,160.86,34.09,119.7,23.74,168,1021.58
9585320,78,Seattle,Urban,17,Cash,15-12-2012,35.35,43.61,27.96,354.04,13.47,83.59,23.74,361,581.76
9903928,33,New York,Rural,16,Card,15-12-2012,21.76,158.51,3.61,9.85,26.09,223.36,42.8,17,485.98
9374412,62,Los Angeles,Urban,19,Cash,16-12-2012,275.93,267.68,14.7,40.03,55.56,108.96,11.11,47,773.97
9836858,40,New York,Urban,18,Card,18-12-2012,17.09,45.36,151.42,13.51,130.47,190.78,23.36,21,571.99
9188095,17,Boston,Urban,11,Cash,23-12-2012,18.94,48.76,11.99,51.14,17.89,66.41,11.24,58,226.37
9026218,50,Los Angeles,Urban,20,Card,24-12-2012,132.28,410.45,4.24,644.19,236.64,278.66,51.14,651,1757.6
9929760,19,Boston,Suburb,10,Card,25-12-2012,70.12,227.76,47.53,32.45,17.68,225.38,21.59,39,642.51
9450839,22,New York,Rural,11,Card,26-12-2012,58.28,557.4,99.66,75.63,18.73,242.93,14.52,83,1067.15
9242951,25,New York,Suburb,19,Cash,31-12-2012,69.15,91.1,4.24,20.58,28.62,33.59,21.34,28,268.62
9653445,9,Boston,Suburb,9,Cash,01-01-2013,96.64,99.36,38.24,23.36,148.15,62.37,5.56,30,473.68
9641133,65,Seattle,Urban,12,Cash,02-01-2013,31.37,376.26,33.64,110.98,75.76,93.56,12.75,118,734.32
9879015,47,Los Angeles,Urban,18,Card,03-01-2013,18.45,63.03,101.91,16.16,145.62,208.08,85.98,23,639.23
9661777,45,Los Angeles,Rural,8,Card,05-01-2013,44.29,88.97,6.58,14.27,93.43,206.94,180.3,21,634.78
9761217,38,New York,Suburb,22,Card,07-01-2013,145.4,110.63,47.53,296.09,75.65,266.79,14.39,303,956.48
9564454,71,Seattle,Urban,14,Card,09-01-2013,86.25,121.6,126.53,20.58,13.68,173.74,2.9,28,545.28
9429485,68,Seattle,Rural,10,Cash,09-01-2013,345.47,326.92,155.12,170.08,36.41,130.93,3.79,177,1168.72
9601995,57,Los Angeles,Urban,21,Card,15-01-2013,112.18,168.61,9.56,233.46,87.02,244.19,17.05,240,872.07
9190472,83,Seattle,Rural,22,Card,19-01-2013,127.72,112.18,15.87,110.98,17.78,240.53,23.23,118,648.29
9982418,60,Los Angeles,Suburb,15,Card,25-01-2013,67.6,30.5,11.45,100.63,32.41,177.4,1.14,108,421.13
9327369,69,Seattle,Suburb,14,Card,25-01-2013,82.26,143.55,54.11,70.08,15.36,201.52,10.86,77,577.74
9401218,16,Boston,Urban,16,Card,29-01-2013,214.94,207.65,663.51,112.12,41.77,233.96,45.08,119,1519.03
9149121,13,Boston,Rural,17,Card,31-01-2013,13.31,131.31,27.96,2.27,17.99,175,17.17,9,385.01
9739946,28,New York,Rural,11,Card,06-02-2013,14.08,60.61,7.22,11.36,70.71,157.95,5.05,18,326.98
9138202,3,Boston,Urban,8,Cash,07-02-2013,70.71,77.7,80.99,21.09,19.36,25.63,3.54,28,299.02
9773455,43,Los Angeles,Suburb,7,Cash,10-02-2013,18.16,53.9,12.81,21.72,106.9,77.4,21.72,29,312.61
9832542,16,Boston,Urban,14,Cash,11-02-2013,65.27,171.72,72.69,18.43,86.7,7.58,18.94,25,441.33
9772599,35,New York,Rural,7,Cash,17-02-2013,90.81,51.28,19.48,185.86,34.2,80.81,8.33,193,470.77
9131002,48,Los Angeles,Suburb,16,Card,17-02-2013,182.01,437.94,5.5,296.09,22.41,255.18,17.68,303,1216.81
9649279,35,New York,Rural,9,Card,22-02-2013,30.11,208.82,8.84,294.57,103.54,234.34,11.49,302,891.71
9628531,67,Seattle,Suburb,16,Cash,23-02-2013,267.39,465.33,10.01,1087.88,339.96,146.09,39.14,1095,2355.8
9411973,43,Los Angeles,Suburb,16,Card,24-02-2013,236.31,45.36,10.82,17.42,62.29,209.22,1.01,24,582.43
9005433,17,Boston,Urban,18,Card,25-02-2013,16.51,87.8,127.07,15.4,23.57,153.54,4.67,22,428.56
9572331,16,Boston,Urban,14,Cash,25-02-2013,95.67,44.77,10.64,139.52,71.55,75.51,21.72,147,459.38
9107780,83,Seattle,Rural,11,Card,28-02-2013,124.71,155.5,7.67,27.27,85.02,203.91,1.64,34,605.72
9134826,32,New York,Urban,14,Card,01-03-2013,18.65,64.3,128.25,73.74,16.2,187.75,6.94,81,495.83
9220240,28,New York,Rural,9,Card,04-03-2013,196.97,640.44,38.24,327.02,110.37,289.52,16.16,334,1618.72
9905153,40,New York,Urban,13,Card,04-03-2013,60.31,180.26,126.53,358.71,14.41,228.16,169.19,366,1137.57
9766423,25,New York,Suburb,19,Cash,05-03-2013,18.94,422.69,17.23,28.91,43.77,95.2,4.92,36,631.66
9582900,10,Boston,Urban,13,Card,12-03-2013,69.93,36.52,6.85,117.68,48.3,185.23,19.32,125,483.83
9492592,44,Los Angeles,Urban,14,Cash,14-03-2013,88.58,101.2,4.24,32.45,73.23,44.07,16.54,39,360.31
9560747,53,Los Angeles,Rural,19,Card,16-03-2013,17.77,236.21,190.57,329.8,49.14,202.27,2.02,337,1027.78
9568490,36,New York,Suburb,15,Cash,16-03-2013,208.24,314.69,14.07,73.23,23.46,103.79,15.91,80,753.39
9449668,2,Boston,Suburb,7,Card,18-03-2013,106.35,285.45,19.48,226.26,25.88,231.44,1.39,233,896.25
9804631,67,Seattle,Suburb,8,Card,20-03-2013,232.03,208.53,16.77,114.52,46.93,253.03,171.59,122,1043.4
9728516,52,Los Angeles,Suburb,14,Cash,23-03-2013,48.47,118.88,16.68,148.23,94.28,58.46,24.75,155,509.75
9429818,82,Seattle,Rural,18,Cash,24-03-2013,10.68,211.34,86.85,126.39,44.51,70.45,18.43,133,568.65
9306286,31,New York,Rural,15,Cash,30-03-2013,40.5,196.1,50.32,138.76,59.76,90.4,62.63,146,638.47
9871645,16,Boston,Urban,16,Card,31-03-2013,100.91,41.47,7.4,135.1,22.73,195.58,20.58,142,523.77
9707211,56,Los Angeles,Suburb,7,Card,03-04-2013,115.58,37.78,10.55,128.79,26.73,231.69,11.49,136,562.61
9919087,53,Los Angeles,Rural,11,Card,04-04-2013,9.62,92.37,61.33,5.68,129.63,166.79,10.48,13,475.9
9771168,2,Boston,Suburb,8,Cash,06-04-2013,9.03,135.2,85.23,7.07,66.5,45.08,11.74,14,359.85
9384547,83,Seattle,Rural,22,Cash,07-04-2013,167.06,64.3,73.32,18.18,49.66,69.95,31.31,25,473.78
9285193,13,Boston,Rural,16,Card,07-04-2013,33.22,62.74,167.03,42.8,103.54,189.02,102.27,50,700.62
9852437,33,New York,Rural,22,Cash,11-04-2013,10.88,65.56,67.1,91.54,42.93,64.77,139.52,99,482.3
9474516,79,Seattle,Suburb,15,Card,11-04-2013,92.46,119.66,112.64,2.78,16.94,190.03,18.56,10,553.07
9611348,74,Seattle,Urban,20,Cash,12-04-2013,17.68,73.43,61.33,16.16,17.68,28.91,5.56,23,220.75
9492645,66,Seattle,Suburb,19,Card,13-04-2013,13.69,72.26,14.43,116.92,19.04,187.37,18.56,124,442.27
9859157,56,Los Angeles,Suburb,15,Card,15-04-2013,88.58,159.29,168.47,815.03,23.99,235.48,12.25,822,1503.09
9435268,24,New York,Rural,16,Card,17-04-2013,437.26,167.74,8.21,17.8,19.89,268.18,157.7,25,1076.78
9870819,24,New York,Rural,17,Card,18-04-2013,60.02,54.88,191.11,7.07,95.12,174.24,7.2,14,589.64
9353671,34,New York,Urban,9,Card,21-04-2013,35.94,168.32,151.79,38.38,72.39,191.16,4.8,45,662.78
9435834,82,Seattle,Rural,14,Card,22-04-2013,237.57,51.28,7.31,31.31,53.03,198.99,16.16,38,595.65
9870431,66,Seattle,Suburb,12,Cash,25-04-2013,17.58,74.59,16.68,372.6,113.43,84.47,17.3,380,696.65
9937887,57,Los Angeles,Urban,16,Cash,29-04-2013,71.48,109.56,12.27,33.59,83.33,63.64,221.21,41,595.08
9840684,55,Los Angeles,Suburb,18,Cash,02-05-2013,90.91,60.61,56.28,19.32,158.25,47.85,22.85,26,456.07
9252871,21,Boston,Suburb,13,Card,03-05-2013,75.37,41.96,17.59,4.17,64.81,141.67,1.14,11,346.71
9643442,75,Seattle,Rural,20,Card,05-05-2013,15.15,64.49,216,24.87,12.63,166.04,21.09,32,520.27
9831220,58,Los Angeles,Suburb,9,Card,11-05-2013,45.36,126.85,10.64,64.9,12.94,228.41,4.92,72,494.02
9720237,16,Boston,Urban,12,Card,12-05-2013,855.38,287.59,215.19,12.5,90.91,264.14,10.1,20,1735.81
9414321,6,Boston,Rural,13,Cash,13-05-2013,17.09,384.81,16.41,5.05,15.26,83.84,13.01,12,535.47
9699271,33,New York,Rural,16,Card,13-05-2013,15.93,242.72,374.37,251.26,85.12,256.31,422.22,258,1647.93
9739870,21,Boston,Suburb,19,Cash,16-05-2013,16.22,34.19,13.35,26.89,20.2,16.54,9.22,34,136.61
9124632,75,Seattle,Rural,8,Cash,19-05-2013,13.89,45.36,15.15,18.18,139.73,24.12,16.04,25,272.47
9315784,82,Seattle,Rural,9,Card,24-05-2013,12.14,70.71,9.56,11.49,31.14,162.5,13.38,18,310.92
9542504,14,Boston,Suburb,7,Cash,25-05-2013,103.92,117.72,172.71,25.76,49.66,84.09,120.83,33,674.69
9072623,72,Seattle,Suburb,14,Card,31-05-2013,35.94,59.73,15.78,128.41,39.46,227.65,23.36,135,530.33
9779461,58,Los Angeles,Suburb,17,Cash,31-05-2013,45.36,161.62,5.77,179.17,47.66,117.05,78.79,186,635.42
9687059,10,Boston,Urban,19,Card,04-06-2013,506.22,100.91,16.59,72.47,19.36,260.48,21.09,79,997.12
9944938,58,Los Angeles,Suburb,8,Card,04-06-2013,537.3,229.9,42.12,1474.75,131.84,301.26,524.12,1282,3241.29
9876242,28,New York,Rural,20,Card,13-06-2013,66.05,401.03,27.96,180.68,69.13,239.14,9.85,188,993.84
9162800,21,Boston,Suburb,16,Card,17-06-2013,89.94,229.9,7.31,129.92,48.19,243.94,3.41,137,752.61
9522339,58,Los Angeles,Suburb,9,Card,29-06-2013,17.97,47.2,58.44,5.18,88.38,178.91,113.38,12,509.46
9589667,45,Los Angeles,Rural,19,Card,07-07-2013,41.96,146.85,36.53,54.67,105.22,190.4,210.48,62,786.11
9452625,38,New York,Suburb,21,Cash,10-07-2013,88.68,57.3,38.96,242.55,98.17,104.04,15.15,250,644.85
9386420,18,Boston,Suburb,8,Cash,12-07-2013,10.68,71.48,8.48,31.69,90.07,30.56,22.35,39,265.31
9873027,24,New York,Rural,13,Cash,23-07-2013,31.86,32.93,265.6,44.7,13.36,38.51,13.01,52,439.97
9736871,77,Seattle,Rural,14,Cash,23-07-2013,24.09,59.44,3.61,7.58,143.94,54.67,13.26,15,306.59
9737928,31,New York,Rural,19,Cash,25-07-2013,47.79,234.17,254.51,20.33,88.38,72.85,23.36,27,741.39
9826687,31,New York,Rural,19,Card,29-07-2013,16.32,97.9,4.6,9.22,79.12,134.72,15.15,16,357.03
9420194,75,Seattle,Rural,8,Cash,29-07-2013,54.2,183.37,14.43,144.7,37.35,73.23,122.47,152,629.75
9949717,17,Boston,Urban,7,Cash,02-08-2013,75.27,102.56,4.96,22.47,142.26,69.32,4.04,29,420.88
9556509,69,Seattle,Suburb,22,Card,04-08-2013,97.8,36.52,5.41,4.92,39.56,173.36,21.34,12,378.91
9732510,20,Boston,Rural,16,Cash,04-08-2013,13.69,169.19,12.27,63.01,43.77,68.43,18.56,70,388.92
9951456,61,Los Angeles,Rural,15,Card,16-08-2013,44.77,111.11,8.21,25,57.24,162.88,5.05,32,414.26
9334532,16,Boston,Urban,19,Card,16-08-2013,13.21,77.7,65.66,113.38,43.56,174.24,2.4,120,490.15
9926338,80,Seattle,Suburb,19,Card,23-08-2013,121.6,196.58,17.59,9.72,79.12,173.99,16.29,17,614.89
9477118,60,Los Angeles,Suburb,15,Card,27-08-2013,850.23,275.35,221.14,612.12,132.58,299.24,621.59,619,3012.25
9522910,74,Seattle,Urban,17,Card,30-08-2013,87.02,248.64,61.42,54.67,90.91,196.84,43.56,62,783.06
9305183,61,Los Angeles,Rural,15,Card,03-09-2013,12.63,193.47,33.64,15.4,101.85,164.14,19.44,22,540.57
9129335,11,Boston,Suburb,14,Cash,09-09-2013,212.22,87.02,4.96,13.76,48.82,63.01,7.95,21,437.74
9393019,14,Boston,Suburb,8,Card,14-09-2013,11.17,182.3,11.81,11.87,14.94,184.47,8.21,19,424.77
9420737,38,New York,Suburb,22,Cash,20-09-2013,54.2,143.26,213.2,21.34,68.18,53.91,9.97,28,564.06
9087185,23,New York,Rural,22,Card,03-10-2013,12.43,127.72,9.29,14.65,53.03,206.44,20.58,22,444.14
9405602,74,Seattle,Urban,16,Card,07-10-2013,29.82,67.99,15.24,94.32,20.1,197.35,13.64,101,438.46
9172856,16,Boston,Urban,7,Card,08-10-2013,15.44,142.68,15.15,25.25,132.15,179.67,1.52,32,511.86
9965602,76,Seattle,Rural,13,Card,22-10-2013,124.71,242.72,8.75,273.48,35.98,235.61,15.78,280,937.03
9085228,80,Seattle,Suburb,16,Cash,24-10-2013,90.81,275.35,9.38,44.32,16.94,101.77,39.14,51,577.71
9372887,38,New York,Suburb,20,Cash,30-10-2013,169.77,61.29,64.94,28.03,95.96,89.77,181.57,35,691.33
9813739,48,Los Angeles,Suburb,15,Card,31-10-2013,65.85,151.22,49.06,99.12,13.26,204.8,20.96,106,604.27
9653580,17,Boston,Urban,22,Card,10-11-2013,41.96,597.13,16.32,2.15,119.53,231.94,16.41,9,1025.44
9323602,55,Los Angeles,Suburb,21,Card,20-11-2013,11.36,81.59,56.28,493.18,72.18,217.93,15.91,500,948.43
9468739,38,New York,Suburb,18,Cash,23-11-2013,14.57,31.37,9.83,20.2,86.7,67.8,6.82,27,237.29
9085500,62,Los Angeles,Urban,8,Card,27-11-2013,8.45,46.62,358.77,258.84,48.4,205.43,3.41,266,929.92
9674004,27,New York,Urban,18,Cash,14-12-2013,252.14,151.81,20.2,55.05,14.73,91.54,0.13,62,585.6
9660871,82,Seattle,Rural,22,Card,15-12-2013,12.24,300.31,16.68,135.1,23.78,247.98,54.67,142,790.76
9952402,81,Seattle,Suburb,12,Cash,18-12-2013,9.13,75.27,9.74,2.27,124.58,54.42,16.92,9,292.33
9049817,32,New York,Urban,10,Card,27-12-2013,432.69,150.93,31.75,162.5,47.14,271.72,301.26,170,1397.99
9235019,62,Los Angeles,Urban,14,Card,28-12-2013,186.58,85.47,85.23,33.21,89.23,192.55,9.85,40,682.12
9087626,78,Seattle,Urban,9,Card,05-01-2014,25.54,101.79,7.67,75.25,20.83,186.49,19.82,82,437.39
9246686,75,Seattle,Rural,16,Card,11-01-2014,8.84,68.38,15.24,51.14,24.41,164.9,10.23,58,343.14
9041067,60,Los Angeles,Suburb,18,Cash,13-01-2014,17.97,142.68,4.87,14.27,81.65,42.05,9.34,21,312.83
9778324,3,Boston,Urban,14,Cash,23-01-2014,161.62,506.8,160.26,418.18,88.38,130.56,11.24,425,1477.04
9206670,31,New York,Rural,11,Card,06-02-2014,16.03,206.68,17.14,6.44,19.89,166.54,11.87,13,444.59
9134338,80,Seattle,Suburb,11,Cash,16-02-2014,85.96,132.28,53.21,179.17,113.64,94.07,16.54,186,674.87
9837346,48,Los Angeles,Suburb,17,Card,02-03-2014,361.01,180.46,6.58,401.89,166.77,276.52,85.98,409,1479.21
9561343,58,Los Angeles,Suburb,8,Card,03-03-2014,160.64,196.58,3.61,0,27.78,185.98,22.98,7,597.57
9378349,6,Boston,Rural,18,Cash,12-03-2014,89.65,99.94,47.53,137.12,49.45,113.38,22.73,144,559.8
9431262,60,Los Angeles,Suburb,13,Cash,22-03-2014,14.86,107.61,113.82,43.94,137.21,44.57,4.29,51,466.3
9574234,79,Seattle,Suburb,22,Card,22-03-2014,42.06,114.61,8.21,11.49,36.2,181.19,9.72,18,403.48
9596611,81,Seattle,Suburb,21,Card,05-04-2014,184.15,573.91,69.9,102.65,38.62,258.59,19.57,110,1247.39
9085358,23,New York,Rural,21,Cash,12-04-2014,110.92,180.17,5.32,53.91,21.36,79.67,0.51,61,451.86
9909582,69,Seattle,Suburb,22,Card,05-05-2014,251.55,714.55,8.21,333.33,138.57,281.82,230.3,340,1958.33
9249491,33,New York,Rural,10,Cash,22-05-2014,482.71,152.78,208.96,388.51,30.09,140.03,465.78,396,1868.86
9465843,79,Seattle,Suburb,21,Cash,24-05-2014,19.23,55.94,172.71,123.61,13.26,79.04,9.47,131,473.26
9316448,51,Los Angeles,Suburb,16,Card,24-05-2014,103.63,134.13,4.87,155.3,13.26,218.94,10.35,162,640.48
9237854,70,Seattle,Suburb,10,Card,27-05-2014,18.07,66.14,17.41,208.46,76.18,241.92,7.7,215,635.88
9021070,78,Seattle,Urban,7,Card,20-06-2014,336.34,205.52,3.88,430.56,22.1,250.13,14.39,438,1262.92
9092308,82,Seattle,Rural,22,Cash,23-06-2014,227.47,72.55,5.41,35.23,109.43,81.44,17.68,42,549.21
9102233,27,New York,Urban,21,Cash,28-06-2014,211.93,288.75,7.22,554.17,219.49,129.92,22.6,561,1434.08
9290582,81,Seattle,Suburb,8,Cash,20-07-2014,473.58,347.61,15.42,1118.31,269.99,147.35,4.92,1125,2377.18
9981275,32,New York,Urban,17,Cash,29-07-2014,151.81,30.11,5.05,1.89,20.31,78.16,137.88,9,425.21
9250237,56,Los Angeles,Suburb,18,Card,19-08-2014,40.79,111.31,58.53,33.59,103.54,196.72,31.31,41,575.79
9992726,59,Los Angeles,Urban,10,Card,10-09-2014,120.73,43.61,93.98,327.78,18.94,234.22,107.32,335,946.58
9232352,37,New York,Rural,22,Card,02-10-2014,12.24,157.93,10.73,152.15,35.14,218.56,15.15,159,601.9
9486965,41,New York,Suburb,12,Card,31-10-2014,185.41,305.56,17.68,10.86,138.05,229.29,35.23,18,922.08
9947247,42,New York,Urban,14,Card,07-11-2014,115.58,42.06,247.47,284.97,99.43,223.23,24.75,292,1037.49
9799374,77,Seattle,Rural,15,Card,21-11-2014,186.58,229.02,61.33,98.61,15.99,245.45,18.69,106,855.67
9401665,47,Los Angeles,Urban,11,Card,11-12-2014,91.69,262.24,84.33,175.63,17.36,252.27,8.96,183,892.48
9911453,79,Seattle,Suburb,8,Cash,15-12-2014,73.72,250.97,12.45,238.64,79.55,121.21,24.62,246,801.16
